channel,rssi,num_networks,interference,latency,packet_loss,quality_score
11,-61,3,41.798408550691356,44.52087357823307,6.003286433082168,100.0
1,-69,3,85.3284798567202,131.37412370267833,8.653832078994652,59.72214299687551
11,-63,13,85.61536219946603,75.32388126373743,12.823754378396565,54.907172666685206
11,-84,2,9.9237664919681,49.30858660253473,14.613637882826048,64.55125149562987
1,-56,16,9.072088274783086,80.057645674968,6.592387688547955,94.50342687753329
1,-36,6,26.26954770019353,60.38391276156398,0.9067038447790532,100.0
11,-63,8,87.47660625539935,86.82365437712538,11.23673368538806,51.61763973573004
6,-77,8,12.890258507349895,21.607265907320496,8.477598843359061,79.1139843149067
11,-35,6,71.99968026274462,149.5636229078199,6.718370172666947,100.0
11,-81,14,10.116561961310321,66.70560226602404,4.639033181882845,68.74829968504062
11,-75,3,62.31378537478254,55.49344275756846,7.535977917653035,80.68660259443259
11,-75,10,35.60672991191448,107.98042800585841,5.080194066855464,69.92772855833003
1,-37,3,78.8913962965867,57.76541394182321,11.355178016210404,100.0
11,-60,12,23.36904488253636,125.82477422916986,8.158405447389615,65.34011097951281
6,-49,17,63.920182938995985,70.86925503226166,13.15271661231168,69.5975716148123
1,-66,5,23.568253457588494,109.33596992348807,8.153158719741631,87.84101871888541
6,-78,20,71.36602831121537,20.580716384073547,3.5739362000989505,54.363274151051655
6,-85,9,87.36780345607488,127.6872819054912,12.766378233482168,26.113801701582098
6,-47,20,12.680179912676003,111.67910808282593,8.35828567395066,87.06831873303932
6,-82,7,86.65956885955035,35.698932876985026,3.102615572153419,60.79857483800873
1,-46,4,59.35752544142979,26.066471413139062,9.352617149343331,100.0
1,-55,13,12.711049086702397,50.862390565215534,5.365751474136413,100.0
6,-35,13,42.7541855359712,146.53023497462613,12.666084184380987,87.63568324158429
6,-48,10,16.08602934850979,42.2405783122235,6.799496079698143,100.0
1,-71,18,70.03478888665695,71.13844529726182,10.89662037161125,45.49429010541412
1,-73,17,75.88681344179497,9.352932729013766,1.4330431145435574,60.537349958067736
1,-33,20,10.579652027279895,62.597991787103716,5.940365194535192,100.0
11,-48,20,50.613985269464436,87.8414022377999,14.74862154708598,67.33442214103485
11,-34,13,81.46250560259172,143.20306881365494,12.126904342157225,89.97828606221718
11,-70,17,93.61630415509966,79.92672651630934,2.3991120355039297,57.3387169499377
6,-87,4,51.351786674177,123.77056229576473,4.166460742158826,59.905974193505735
11,-41,1,95.02792236114071,84.33350817249058,4.947237132845416,100.0
6,-58,1,53.56889704560298,10.913826948150124,9.755483407431685,100.0
6,-64,15,39.419049459990795,50.67619990251723,11.354921392344833,60.90803768162405
11,-84,13,84.82031285528954,88.45467863550998,11.242899132118646,29.766973620197646
6,-85,17,49.2982710458089,142.83612506001302,7.648110844596042,29.927246022760905
11,-76,8,47.190251056452304,129.57390216392884,12.162308067572269,50.73773460659753
11,-73,18,49.03124894098283,38.11156405593291,6.556171241362126,59.19512627197691
1,-59,13,84.67850018697453,36.91592535277871,1.8582084794334286,87.69329594634814
11,-35,14,83.19415416880521,34.17008023151561,8.466627624807199,100.0
1,-80,8,40.35199924402112,138.76233996386296,14.2845207690166,38.87111071488451
11,-71,8,33.3299859870525,128.6365921997495,11.89490477088767,59.784016761314255
11,-67,15,49.19280240391293,117.35809767667757,8.680509715383636,58.039680028337905
1,-76,13,57.277250973710906,61.946591562513,9.702084905236454,58.09039890698061
1,-43,7,23.833721062799697,78.13520212332119,13.95843040553359,99.70121343408556
11,-84,5,79.39550847155907,72.32810299529716,6.4251419165244075,54.402196854151825
6,-70,17,48.648276573242285,41.74272559610903,4.97091208413956,69.23066062355782
1,-49,16,33.40455484199596,78.2290666915712,14.658623475006735,72.2239337515469
6,-65,2,10.68209929639906,9.421999438649397,12.951647002655001,95.21332578695946
6,-47,18,23.884516040360694,24.11250415713158,4.845653769279036,100.0
6,-35,17,94.92811717559837,133.55549144449722,6.956708960413842,78.25783526511881
1,-77,7,30.50996868195266,113.99356621955637,6.2261719351169855,66.52784735694785
6,-34,13,16.885928936703532,66.31591931356763,2.236435180071509,100.0
1,-54,18,46.06727916549932,79.9868025311622,14.367289857198886,62.714722053331066
6,-33,14,30.70877433602487,58.649838464196726,6.064686468296382,100.0
11,-70,18,3.5159250271194153,112.41308073829751,13.12993623956862,54.39538465944327
11,-73,13,32.314521727941724,118.70714098865155,2.840343415209976,60.78373608233791
1,-86,11,54.41086239394686,115.67635257945807,8.218062159558297,46.09556455813801
11,-88,16,55.17123720199669,109.7787001009952,0.3594207768640473,50.58445812883445
11,-68,17,35.65589211768887,34.653129110455396,11.463307257634629,57.64708515842454
6,-65,8,44.73027562526006,54.005646989869426,8.713708473694176,69.94378073305421
1,-54,19,96.55179182347663,73.12758807263286,9.38384375204629,55.93986559843633
6,-67,20,37.73484772303116,52.96498375701007,0.7758132383198019,77.45658172191547
6,-42,15,25.822681325998296,114.4663290229577,3.165574953129231,100.0
6,-72,9,24.34670440667601,52.75626101624343,1.1149630853037023,94.58624340015845
6,-40,20,45.776461270413414,25.04365258387389,4.333714737057177,97.09395907479393
6,-66,10,75.9520148716944,62.86086554700409,9.411585115232265,63.11141869505656
6,-70,12,20.59881841884732,147.08759275344514,8.492789764760628,61.53551477138522
6,-79,20,70.92961271407681,37.752804875368504,9.182247324200855,42.70859921326429
1,-34,1,2.1149823349416286,93.76300554676821,8.238769070668415,100.0
11,-50,20,41.8932977983946,67.78109222675741,4.09543193513789,88.49369670622666
6,-58,9,77.58650652027869,15.298562309152361,3.6676124601663784,92.28516841517201
6,-41,15,33.873295577443145,75.74210786971862,2.055895253048719,100.0
6,-38,1,56.37371014453995,106.81382765400531,12.73606312355238,100.0
6,-87,12,20.49792328259108,79.41689649503373,9.247190378118667,53.937989816073944
6,-49,3,74.19953911261723,131.45537924325424,2.7976651875608964,100.0
6,-34,11,5.227910326875962,46.895867415349485,2.6581406973185926,100.0
11,-84,2,85.25426448755003,17.506129839074916,13.09553402289205,51.58259869076585
11,-69,16,19.819638642166815,140.8020136904109,11.14096295644979,56.41561118031462
6,-36,9,87.43980317083307,59.83847068159176,9.89098619858057,100.0
11,-58,15,35.25292413005173,88.57880496077684,6.102961613089497,82.26373441195162
1,-74,12,72.26835744744866,119.84045328887842,3.929633464177763,54.23911010794156
6,-67,1,31.922529778618845,52.025481261959186,14.691761446692356,78.44764183595905
1,-57,13,90.59116712346476,108.84385803575361,11.958593625342003,57.57787694370953
1,-63,14,12.663712551837436,24.635733223585063,4.526688347044147,100.0
6,-33,8,17.85197892725987,47.23759334479826,12.71347194417742,100.0
11,-48,8,49.303012515880226,25.983042239795388,11.383979229220223,96.35288956536876
1,-50,12,8.193843903814614,122.62843096819688,4.456208248169975,96.48291065762965
6,-52,1,19.598018470176193,37.28413910788388,6.398292813624595,100.0
1,-69,11,94.37663822120143,109.02351553375549,2.7893016808653996,74.06017699065086
1,-42,8,97.64896611478872,141.7782676006196,1.6657866656716402,94.59316177013677
1,-74,10,37.62593293304219,81.52697031498717,10.841430492595451,65.41596290735191
1,-57,19,92.32860210139357,83.30423287779972,4.012677860307999,65.61721759500887
11,-85,11,54.48246756734317,71.84986737418275,12.300890486193804,41.806044736047326
1,-45,7,26.974246587376705,52.254070792078195,14.93413067271639,100.0
1,-85,11,70.23987210805987,73.96997948411298,1.1492972089447302,55.686426383429
1,-57,17,65.89018065748571,92.40709217868012,7.095526876255504,66.3697789855517
11,-90,1,98.91253191087334,147.9687779647456,12.030938389662046,35.809022020522384
1,-81,8,26.50472874092833,140.9758611011425,11.834263448118502,52.281876227838524
1,-70,6,67.20595026617355,130.01217895250267,11.399957374964528,59.850132434105795
11,-86,18,5.202375502944689,133.92392767720446,5.234924029528664,49.87735037924041
11,-89,6,11.36460386967194,72.83813157734623,6.8077988352757846,67.11540906698384
11,-69,5,0.3918374951093262,100.3294274407324,8.924525360122054,94.79245485574404
1,-43,13,99.94606810596731,134.78467482575104,14.609108753598857,62.697105751833604
11,-34,19,80.22736971474778,61.97786092374619,4.913209064077393,100.0
11,-89,8,78.67230147335408,144.45555936009296,13.847158315752866,12.914709453171739
1,-81,9,50.97260752881797,65.28897900003153,4.0403537727074115,62.557990289419756
11,-57,17,30.006708290543994,92.15698648201626,14.836116982105569,57.09844599167522
1,-75,3,15.126428446267592,107.92168342449393,10.053955302413875,79.79254768751201
6,-43,19,28.467473884646367,142.83584189601106,6.952672205378264,72.68971007357648
11,-40,11,37.597122192913915,40.46935973757858,9.200856420954073,100.0
6,-52,17,75.6310096980294,113.18899184460312,4.087967535603102,61.069430714292864
1,-69,19,53.96617889031524,80.51825999089192,4.112607862671999,58.749061076033954
11,-79,2,7.748362655548268,43.94078538999295,1.7033181576524075,95.81041046364986
1,-67,8,1.802900895891224,117.60799177047663,1.7107544655809814,100.0
6,-44,19,10.233217953406315,85.07223062520775,5.21507612203367,100.0
1,-51,7,41.049871369737936,100.84120399420298,11.442832168445575,83.85997960489908
11,-53,17,93.31929170490183,51.820654943795645,9.119567513972438,74.88776240291946
11,-31,6,63.74024812092216,74.78472301500273,1.538768404965312,100.0
6,-32,19,80.18258998755151,94.51636639326972,12.783547874638664,81.49763608838059
1,-81,6,46.637459450454855,63.712068069127376,9.020514404850996,56.52943857845523
11,-56,2,36.16660831950428,33.76401827791669,14.412833651771695,89.91800930537737
6,-40,6,10.840037271662272,144.4378713857191,10.052782011168112,100.0
11,-42,5,87.5933022186205,79.16279330617952,2.627622955562715,100.0
11,-59,19,78.31600290279029,111.41845369171658,7.106750434617334,58.584158986213644
1,-84,20,16.811809759772512,64.60184306562843,9.727463963208063,51.57230649141671
11,-70,4,51.22605638762605,56.49410578372887,0.4239705157496654,97.796704843724
1,-71,17,48.73748079212449,64.03882327773312,0.22365396232211843,61.52466991730414
11,-65,11,62.50915526865286,64.33351334891921,1.9410450089785187,85.65380410190032
6,-87,4,94.61868939912613,83.90611681158327,3.7749665256820615,46.559395296279185
11,-45,13,57.97714417624796,83.80313114729766,6.443236852810133,89.71891595516541
1,-39,20,54.02172667786186,77.0873033030164,7.311607106396826,87.44741126365676
1,-69,17,5.032293293466394,24.54393881302852,2.070414134068452,87.30281596898072
6,-76,9,6.290747601802393,76.93094438257701,10.100873686737462,63.110177108486404
11,-35,4,18.734679132678888,29.520065560994464,8.942070925448022,100.0
11,-51,14,3.247077169174828,23.289689012885948,4.416961482617403,100.0
6,-70,19,74.33528955700123,140.23362901446933,0.20489825152938013,57.25467479176976
11,-76,3,72.3330303993963,92.71775190641712,1.1647187302993611,89.16449753889776
11,-69,14,13.605623443164294,100.62605842806472,5.875421632662591,67.30704681500373
1,-39,8,83.60789007952809,63.26008219833775,2.309615267485259,100.0
11,-63,1,15.478603484611197,136.8022293276553,5.652294092219562,82.58813973269743
11,-77,10,30.11755869973588,97.49992098905149,9.422739067655327,58.09546757654697
6,-64,18,24.8976899161365,116.52963108092018,8.208561418189253,67.29259578560675
6,-50,16,37.23070985730478,58.44155800901851,3.4676382470609135,100.0
1,-51,8,25.466376588996187,144.2017227187732,5.1573373688812865,96.87529135859289
11,-33,1,48.8950926438452,123.96688707295569,9.21046797672976,100.0
11,-63,12,40.74078813546854,128.8225271371088,12.91282542065173,71.79604573397705
11,-65,8,98.65694907793265,29.96816877673437,11.298201581083159,74.80565768902837
1,-42,16,5.592635012822567,44.28966514132683,8.301000402501224,100.0
1,-89,18,14.218137638735161,46.415856954118674,5.434394974747293,45.55877716537013
6,-66,4,5.282589390860249,44.28183737079632,5.475769163127081,100.0
1,-35,6,62.58411949823758,129.03418350512175,13.191259653965941,90.88140946365371
11,-88,12,5.450927741371958,9.623295305245856,0.588653640608196,82.6732042269769
11,-83,9,83.64397373761233,16.03449840221227,14.819739666303914,36.03838477550976
1,-47,15,51.19386306819278,44.71765624133604,9.965631162773434,89.29851130825281
11,-58,16,52.70076245815337,33.981581324169326,10.217065486085858,79.88351148734611
11,-49,12,56.15945077121942,38.619644013013016,0.5699675595711323,100.0
1,-39,14,17.081370630621073,120.7017624417285,9.082939123369083,94.92694561560829
1,-56,13,19.769030311448756,86.65335611434679,7.271670901356705,94.69046749020085
11,-85,2,31.88173228730047,5.836745887480359,1.586683603411005,81.58578311446169
11,-52,3,59.34964158218514,67.25180102710831,4.168830161540386,100.0
11,-39,10,21.011777594021453,64.14331439330203,13.354716843204768,100.0
6,-68,9,11.633172713326124,21.52206406945881,8.249826237989295,90.34328802726921
6,-66,20,97.01168864184322,103.04055934721129,6.201248627608631,47.59097696263066
6,-32,8,2.1981814809622913,106.80409231502621,1.0902323376121643,100.0
1,-41,10,80.26974053360216,109.52951676255417,10.711822911034584,85.70245433492043
6,-48,19,78.8035149575022,110.62828710599585,10.542762350940489,62.67906208212569
1,-72,3,29.7214113845096,5.007659905183036,9.210654104588453,88.45924323561975
1,-86,5,13.56266160073134,143.31851655777473,7.653939693309738,54.046098719339696
6,-40,3,14.562864670542341,123.06027122292615,6.5067660331105905,100.0
6,-80,16,69.74316172371925,136.07734600544637,8.899066394819885,29.121832481230886
6,-35,17,64.28065910861737,7.26827781957795,3.5009317759261007,100.0
11,-79,15,78.27456742513867,140.40952538893222,14.118885962664717,21.92715282134542
6,-81,3,93.74811723991047,122.41933665977518,8.831917937703443,44.22996028136856
11,-83,12,69.1927363266592,126.3967757290113,4.667886665315648,47.898562307072886
1,-67,9,15.585153655144346,18.526670784685436,6.745197763277359,90.29704581834078
11,-31,12,24.344261676541066,112.12281419319666,12.085271833153385,100.0
6,-63,15,84.21937308731145,144.18791999810318,2.4242409109544614,63.43211751250667
1,-50,2,20.93060758342086,103.3893645056333,4.392534336903906,100.0
1,-55,18,7.252231695448142,87.73140367056794,10.19262034104833,82.2851649201289
1,-54,20,70.32800540422505,142.11630327360456,4.732338097233359,67.56882559187952
11,-70,12,40.2526355490142,69.22588265149322,11.887525227921989,67.56550628822828
6,-83,4,92.00400525459035,91.89756711501941,1.9568023076604124,66.53149406582517
1,-36,16,65.02550710936616,74.06905255668309,11.440292556819127,93.00905032914916
1,-82,16,9.041897779166074,140.2627020972434,1.0252757227584937,54.61161403906117
1,-44,1,94.78565672536607,16.03228538099855,0.18888919001242177,100.0
11,-76,2,25.85572636402459,77.66235661967549,13.473352782482431,61.72192829571863
11,-43,3,33.72124904062858,104.60810400088856,8.720088253984478,100.0
6,-45,20,40.2260413683542,119.82644807122435,5.277403456302173,87.57113461905493
11,-51,17,5.122429640431325,89.53770387939977,3.4889195544577563,93.74018603666113
1,-73,20,49.65154222306049,136.79307289761084,9.253286748912242,38.34007531737628
6,-49,1,12.331849107529225,141.5887597981614,7.635032753051073,100.0
1,-31,20,40.097032668835176,14.32628736306961,14.873966632949777,100.0
1,-71,6,35.07097879920843,63.343728233499284,14.748239799806186,62.467661964159575
11,-85,15,77.28400834265034,8.401558149567393,9.525368492124144,42.55830217553225
6,-79,14,80.3170511632731,52.76541531929422,6.643057591588358,39.239461703004565
11,-89,20,15.3412882389088,82.84589160573731,7.367114537019932,48.87737909099022
11,-84,15,36.65511873792262,137.06526492394258,10.237185993552929,29.149717374721742
6,-75,14,37.33531610318317,127.75037675748341,1.5236181635307204,67.09093245471614
1,-88,5,15.141044393608505,23.48746036743793,4.925281107160773,77.23401848355132
1,-46,6,79.84535050511906,18.489404337429875,1.129083615054058,100.0
6,-88,17,70.72283283354233,90.44376411971672,1.1004113927537933,47.501214312503706
1,-64,11,19.038178629703474,82.15710600652349,2.937588628413506,100.0
6,-41,16,36.6721908593799,43.624758007353456,7.278798818898403,100.0
6,-48,12,10.580502485651422,135.4206972603061,11.77161481744184,89.17393024281019
11,-51,15,62.820659709304394,139.46812937192524,7.282438367488088,74.75419661554416
6,-53,4,12.137192454861967,63.37865855932358,5.032149158413047,100.0
11,-58,18,98.59341686249178,134.09387078146042,1.235294855051372,61.85239355962362
1,-63,3,78.06820746878623,60.67258966813103,8.254432847746944,88.15014675917197
1,-90,8,39.023854958399504,111.83844061530652,4.069028797247651,58.88271190184576
1,-36,3,57.85639322793544,74.01162154442,9.224012668757211,100.0
1,-83,8,91.13418162164088,22.774557693541535,14.657816086986275,37.583899429903624
11,-54,18,55.40992803958261,139.55045917936812,1.6697148221632525,77.23383129768666
1,-59,10,17.44984863979552,70.84400603974281,3.181880980829099,100.0
6,-31,20,37.87033555811593,111.50062084674853,7.096418071490621,93.56027661633247
6,-43,17,84.31448650297455,58.240203092537364,14.529207230188943,80.00153449042794
6,-48,8,64.42130159896179,7.737727393554026,11.577146644049934,97.9183395356157
11,-54,11,65.07243843338003,19.576902010316207,13.473437897442452,81.96811873324624
1,-87,5,86.68214856884892,76.95182452603903,5.005722727136893,49.99022152597211
1,-61,13,89.39730574625047,105.04483178332255,14.880577106678919,40.79840678574605
1,-85,5,91.97925717794362,53.53662235399546,1.542492240962361,61.369558443116205
11,-45,13,9.48491932531561,105.8458265807593,0.7945935906915125,100.0
6,-37,6,54.41260019631009,106.30216046763363,12.834039405810422,100.0
6,-72,5,74.05095212183186,107.07070656253548,13.908973053104793,52.517667581965725
1,-59,9,75.69268451270138,76.41566883297372,1.3587803631915263,92.33053790170528
6,-82,16,60.67162019700039,137.65849176761807,1.7014114011876225,44.695366509825064
6,-79,2,16.678733518367416,75.93349510718926,0.4976123663366072,96.12631045288369
11,-80,1,79.74205539416643,70.28845305701253,1.5676134396408614,84.30015564555434
11,-45,8,72.01113335149458,33.910218756540914,3.1412972520042133,100.0
11,-36,19,8.613577154903629,49.60998766666879,14.551149283650014,100.0
11,-75,11,46.380982467437626,11.138501415153986,10.017903333595207,69.66825450021024
1,-90,12,17.39773995218036,96.86261757434468,11.678295382778131,32.24880626224894
11,-46,12,33.74770457129719,41.037682869428465,11.642091055372832,91.69990666285958
6,-36,7,1.8081092205685434,49.102511900392436,8.026106246688219,100.0
1,-38,13,40.032986841075825,116.76810564132657,11.962334665695257,91.39717285234111
6,-70,8,54.987692115621044,52.44707155841081,8.937112985849545,74.71100469799818
6,-61,9,61.95825928270868,40.11840434190562,4.718191464050364,98.73840868915664
6,-78,7,66.34903451287101,29.513373624387334,8.416651631526012,69.6826120612188
11,-57,15,83.629131310246,117.3544683163836,8.002628792017703,68.87872036965965
11,-87,2,21.546290727573002,23.8074074085539,12.35179580638981,67.41213154139768
1,-63,20,12.048182243846794,70.79429523630127,14.725908260724886,55.28091524472115
1,-53,12,85.15371718979256,78.50486683119318,6.165638481313958,80.71523291917326
11,-33,1,15.661281489264988,104.67153733942861,11.450860176620395,100.0
6,-60,8,97.47600813361953,96.82610493828435,1.496445060572003,89.9056668885707
1,-32,5,84.2538229398637,122.55449757705034,11.652470541724329,100.0
11,-36,15,50.08766058895991,11.488957919304532,5.571253679898482,100.0
11,-64,1,98.14214249220252,47.983905093012595,0.5908524433453,100.0
11,-86,1,9.737672910800422,45.61944722243006,5.448692678432659,73.02499725945394
6,-66,10,30.306576117510165,26.172451310855692,9.159641263824671,86.91889550305807
11,-88,10,63.822441504061146,46.93084680918425,1.7887525152219985,54.27402865064122
11,-58,15,35.00068684731787,49.915970550721,13.860517386453818,71.90511944032644
11,-87,17,92.83725519807918,80.67324697948435,1.1650861990925787,38.90098879303632
11,-66,6,6.562608817781756,101.23714944430714,13.950100797497493,78.38225684439826
1,-71,3,54.941183206096454,60.25957447371304,10.607062769035297,75.45257893415311
1,-57,13,59.08662673951145,109.32318354044027,4.945682631213054,85.76408638968893
11,-65,16,65.27281237772242,53.743974094039096,5.861255215636398,66.88820455552766
6,-86,8,25.566622333181442,47.09113321064025,11.112140470991163,60.66596544129269
1,-56,15,36.45664275198644,83.47226809926853,9.02206651321811,79.43198215517106
11,-63,17,84.36805296649777,8.438872244339638,10.074643821824179,56.2164169277185
1,-62,17,19.494276897015983,16.569422926930052,5.8374692477022,84.47299654868692
1,-82,13,82.68678471733621,65.60558382004642,7.3172022271139845,44.20367162582017
6,-39,17,56.26554229027424,141.7223431518047,14.848012260568401,76.24070068298256
11,-53,6,76.21875111940821,109.61920807729642,3.2088430574957654,95.80336018134754
11,-41,17,71.36073662634715,17.778352577580876,6.267842797831971,94.41987324170859
6,-85,16,20.7511495384879,127.71611185322669,4.37734781360951,48.19851906993921
6,-72,14,56.88127364338729,111.18361173818624,11.476672656597747,56.83782675919488
11,-31,13,86.77231528050923,93.58724622688472,11.46018938498581,93.20457215007266
11,-47,6,43.211623680192936,123.94247928833072,4.386681914960938,100.0
6,-34,3,96.65907702233167,63.595927922728784,1.2208547494947437,100.0
1,-80,14,45.221510010171805,37.117652373808646,0.17149015008306068,77.60095973912948
1,-89,14,14.278563666788468,79.24339142077011,6.411757998637283,49.63949263551251
6,-44,15,38.94346800776732,84.58205456105371,6.155063915036563,100.0
1,-47,8,95.17024063905372,83.05732394143725,14.825848179597944,72.05269740647105
6,-47,15,31.97208493398542,86.93569976461526,7.047031135465194,97.56919954002817
1,-82,13,86.80981598670628,142.5622131446812,3.8462755436313096,40.16912873421504
1,-70,17,88.12506816818897,135.82561534895353,13.368441615472012,31.767846559930163
11,-67,3,35.01865243319611,131.97897030104622,7.366019244803677,76.02053512609916
11,-57,6,8.325765805063213,121.20543758175094,8.987634528158667,88.2560419347899
1,-69,5,72.45579091588182,141.79707555346639,1.4350306564231903,80.1739161484602
1,-88,17,31.1512299013986,19.281723043513473,5.743746109946611,54.335459941302645
11,-79,2,78.29236142575724,43.44287290963223,14.163355117106802,57.20894218339906
11,-63,15,44.26548482604331,76.7831121199148,8.842580762631382,68.09902331480659
11,-61,5,48.52667423426216,127.74750150289375,5.167527827136925,90.16478443179479
6,-65,20,77.79094067485369,78.24902817079621,9.385007709473896,47.00584528657107
1,-43,6,38.23633310616279,113.46503720453036,13.656166343671742,92.83082225593186
11,-70,6,44.31273453229145,25.14918626109285,4.1098590070888505,95.85968447710115
1,-63,18,37.619046876962216,41.60000288160123,7.576750777060116,80.46657479022038
6,-35,18,36.734051527728,111.10753378046249,14.38035980867633,81.77084097851255
6,-65,4,52.594657690145944,28.886431288719987,2.58594214947679,100.0
11,-58,17,80.87994445011508,55.94661052496438,10.794958883950674,64.26431300929332
6,-70,14,36.176831192256586,43.40560738296786,9.217215123044735,63.795879539357514
1,-56,14,52.42547205377367,55.72994566225938,10.195126967109523,79.78914644594848
11,-39,13,67.07273254426008,107.7069871163057,5.268294460013545,96.32418380404474
1,-57,7,26.9439446303655,58.337841265706146,4.708190602256474,100.0
1,-50,12,27.752280490239258,85.51318177815133,10.263145058825557,89.49438125476466
6,-40,15,93.34131270234548,19.4901221728894,3.23314927656818,100.0
6,-44,19,72.35345733310886,121.72756551902103,6.294821172885077,73.20489161016873
6,-73,11,57.71866762233089,58.6338507189781,2.82261969079377,79.98032225856483
6,-33,15,64.7720054420612,99.03745305983465,0.12457261684994614,100.0
6,-80,12,2.9299443103418366,110.18149224096574,14.550860400571041,42.094744808102625
11,-34,3,61.81029655616969,35.40083370619656,6.475544679846285,100.0
1,-68,17,50.95088732242019,133.27787281823575,14.54024421629738,47.10433004995467
1,-43,3,54.574967977943565,94.35251648300817,2.1048527965173913,100.0
1,-69,19,35.94238268308171,67.1651455539648,8.81050169186229,63.52349072593011
1,-74,20,8.14738977129419,31.438601618841833,3.014610491868594,81.78484221493072
6,-86,4,19.33392336120522,141.63363599567498,11.851111904449121,53.09267213791956
1,-47,3,95.07447132126717,114.48488959908565,11.755544831414628,81.0915176211227
11,-80,16,40.8699562270934,35.16356159632109,1.689107235589677,63.67452864662877
11,-61,12,46.66831558308642,53.968062335012554,13.680966793145837,58.63804033932808
1,-76,8,5.270978985343899,122.40276742277062,2.919444708048369,77.96874822683972
1,-64,17,3.756622954398059,105.87326116622415,9.194660123840405,76.38097168159692
11,-56,7,71.71814470467577,116.03872244378003,14.784504301315561,59.774816930823285
11,-58,11,53.80946641211113,68.9741598208752,13.235948021495457,75.13066261844386
6,-71,18,50.87059842162667,108.88905808311421,14.348458928417536,33.30131117503177
11,-75,1,24.312453042266867,61.041589815267486,5.138981568271792,91.51804801253377
6,-57,3,74.47507316299222,35.633122956038484,1.5836346332919504,100.0
6,-89,4,16.82365791084919,96.73817005199719,2.8252030993417514,67.5354766316125
6,-56,13,18.993474366102003,146.52201921182515,7.507423426149208,80.41090507788688
6,-51,6,46.07121713482755,50.03714085232279,11.898445174099832,92.90427755661841
6,-35,14,28.62798621119409,71.84059087081825,2.2523046627581285,100.0
1,-63,5,24.746298123314638,102.73019880512877,9.895972983911356,84.6885355230025
11,-44,16,64.52376445533316,83.51841090776074,4.853664060592678,93.11650750096356
6,-52,15,65.09717452185446,127.29703037781213,5.118031085882302,85.28683944180985
11,-85,15,82.45170697999292,115.45269243807981,9.928765952368895,29.023168196393517
11,-82,4,41.77085669729759,13.453094560041771,7.004991292998303,73.67757972504128
6,-71,8,7.308509102615024,149.77107891894724,12.180499395389909,61.716892591735544
1,-31,16,27.366638492145768,114.09835578932275,2.3387776449424056,100.0
6,-90,16,98.00054631968169,130.26598086264642,11.849224046505578,8.66311606079752
1,-83,4,59.62585752327021,99.42366825382523,0.963528720861313,83.27547432242352
11,-36,13,70.97370848010203,129.16134356678054,2.910808203684075,100.0
1,-68,13,0.7357829625414536,21.295531364662864,9.842245717547481,73.65772026904637
1,-88,2,51.820573218252086,55.42198615610076,12.823884847666069,49.7697942181049
1,-87,3,3.7528657531803122,132.08103682265144,3.7901944160902357,61.107378768647685
11,-33,8,56.9230212091448,34.24000563369937,4.907874087433694,100.0
11,-66,15,92.07708496360753,16.345104294103297,8.0568112243011,54.77878951774829
1,-44,11,96.84191305004079,119.27724629205674,3.173592097339535,85.89279824366007
1,-53,9,54.055267538892416,126.14549256827794,12.167343923812584,66.52606373423944
6,-76,7,45.8204805252216,28.58457163753559,11.604549675086412,69.26889566272882
1,-70,13,94.5017094248494,128.88016750349374,2.179375679486724,57.186492972434536
6,-56,2,67.3609831996695,104.5813303615896,6.957445977249482,92.8724742288389
1,-34,8,6.489927953840946,80.41198906640467,11.622416499819321,100.0
6,-38,7,46.57255776674975,125.38627795330083,5.059942966551222,100.0
11,-38,12,24.02450184643039,65.79114115125003,9.496602340765975,100.0
1,-45,19,46.98043214486815,33.12912365239259,0.7531968218635909,100.0
1,-39,7,45.54655720063617,46.303638108538976,9.130331407939769,100.0
1,-77,10,58.2144802814742,78.24878265253065,2.289794700009105,67.59985013514581
1,-55,16,35.677049034925126,82.04296493761048,12.45874987671677,64.71645736666639
6,-79,3,16.427044945592804,121.80921983397887,5.331741953707177,71.1180370272908
1,-74,10,50.37194345899563,119.7461449295885,4.223307940922936,67.46367479682723
11,-52,6,83.0202884345762,89.29815079466336,12.613334650672275,82.58912610480877
11,-82,18,66.40122280676023,118.21389508799408,0.7521603460771531,48.06762021656639
1,-56,18,33.836786592521584,32.80715145258229,5.949131990015172,92.52090310248185
11,-31,5,93.55230227588572,12.25935642852768,5.5500531086254705,100.0
1,-78,7,91.22075712491822,131.6769042820315,4.2720056137432625,55.331935805908785
1,-76,2,20.934839938409876,15.955401595601588,13.676314980022156,75.5279818397067
11,-73,11,3.9417585120362975,40.769822312879604,11.263925902750834,75.14085277943309
1,-40,13,74.13087083507622,105.82124769553576,0.9588474628790816,99.93451119173172
11,-58,5,82.76102613491533,64.36995095595982,10.720311741524311,79.20077210461909
6,-85,6,96.78645659513553,132.06552563774878,7.909486996931909,38.82890066702455
1,-32,14,88.98363940883107,48.20707022602908,13.513018416023689,100.0
6,-64,12,60.053476820641485,6.721345267057098,4.694184260225377,81.24140061249214
11,-68,4,53.00523392123808,48.5950678813079,8.612429994143744,85.04210950416334
6,-32,6,2.784105126258629,88.82088213180059,7.51132912111479,100.0
6,-64,10,24.665644684477783,59.511064433477536,7.343413593414086,90.21434080622473
11,-57,18,45.96147517329264,82.55654958501951,6.841580992758189,79.20771399753274
6,-35,15,62.85039000835678,132.1067272310777,3.0844421329842193,100.0
6,-45,8,55.725183331841066,137.31033286340343,11.335648837385891,91.29252901163451
11,-53,9,74.26359896816905,43.566239374846255,6.77004049108933,86.8216925289903
6,-77,5,27.976693088704085,72.01036862413561,14.377744125039086,54.61914985427422
11,-55,10,56.49526076524732,84.62588221001042,3.9121264078916447,92.32637895907702
6,-38,20,8.814224339079214,142.62130624879583,10.241157594405617,77.51512227124103
11,-83,6,41.366552358320696,149.79951127883578,14.110756194586626,44.52015185031127
11,-56,16,75.0160832954601,39.134051082021365,9.951874845241388,78.37569780082622
6,-72,3,69.3400853429044,110.41208134514324,13.06909361426092,54.898226458557936
6,-61,10,99.0642737172179,59.8145040238133,12.412214396355091,59.38347419111081
6,-77,11,27.7891125987756,6.175688548500918,5.401765732335058,80.06109972760748
1,-32,11,49.81892991739792,6.341615753205842,9.001859099092448,100.0
1,-71,17,32.95304137739967,71.78207109652708,2.343920097170334,74.2424583928018
1,-42,4,44.060311405917474,75.80856238562852,8.032888240433993,100.0
11,-66,4,85.6950129869388,8.272606003149185,3.456329577215058,92.35956493332041
6,-51,17,68.42090751884867,104.60447543227386,11.156052224286684,70.90796387426236
11,-67,9,88.24411913475817,47.6304913462682,7.920876328381869,71.282382743233
1,-77,19,20.351110833188645,86.18449972271266,6.168410439474908,53.71290922498294
6,-65,5,87.3361117841438,48.633265608985724,4.031956442504663,91.98263266662735
11,-53,6,5.976227417838443,29.234475656049543,14.980477227619303,92.76853241128192
6,-68,3,88.85992804371524,64.04019209683692,1.0756578132739902,87.46684449389029
11,-69,1,32.90737794607279,38.67963789462261,0.6534102085863003,100.0
6,-43,20,31.458763341406648,82.54614165327936,3.258861007407968,96.02030037727978
1,-34,16,51.20885766986639,33.830136891539595,14.566086879417295,97.73886952380364
1,-72,11,94.06901877232318,78.71886661347092,14.688572524799767,43.11446825029427
6,-45,13,4.778136468140537,27.819884655985796,9.82391602158204,100.0
11,-40,10,35.22309750707453,102.29133287543883,13.20160000809607,94.08493707775322
1,-88,3,85.65719886833357,114.32096424400649,3.209425962611931,52.13618457004572
1,-49,9,39.60544774354668,21.007163966240398,14.580631412649353,90.72761138471708
1,-72,12,19.9156897597067,72.83134974541419,2.1417727520934697,94.92120385432813
6,-82,14,42.47941813314118,15.276396594956669,1.516877822724874,68.83939856479408
6,-63,1,38.55525014916693,91.73645460359035,1.6831730887090934,100.0
11,-71,18,91.54162014667034,43.338623199798576,8.59691884908847,47.25595870077997
11,-46,17,76.19343757430971,81.50554624161263,11.714616010770785,67.16339570421272
11,-84,9,50.51155557440063,80.03184636072223,5.500007668119497,58.58139003182786
6,-77,9,98.8370566721571,139.03138019810106,14.668439816791897,30.44461609059926
6,-82,10,46.527753127592334,84.61706727246482,6.516302071774942,61.8454453590107
11,-32,19,5.823783082027523,89.53477955915577,2.2567282615982442,100.0
11,-31,15,26.22743218149849,63.239703235835144,6.98950122279205,100.0
6,-36,5,43.60704802193126,142.61654246150843,10.185557481336598,100.0
11,-34,15,15.690262414612011,117.6919568687434,12.48338670756568,94.84140658177719
1,-31,20,94.7565126324043,46.38376709391203,6.881524349348894,98.65462971308881
6,-72,2,76.68488978177731,127.41038993755365,8.904102390737512,61.177949530415134
11,-44,13,26.828720042777267,67.69747222683804,4.0101706823828005,100.0
6,-39,16,59.08045335179158,125.15673581237112,9.68874789608271,77.7930590162024
1,-77,15,72.1449157109572,124.31876990255779,14.789579159255156,38.6784699803689
6,-35,10,94.1278928906798,32.38617708061389,0.7358035888169079,100.0
6,-53,14,88.16353491754107,106.66546405061865,13.297960060577516,50.343356452886084
6,-38,10,51.51922261382137,47.14323054944701,8.434237541512841,100.0
6,-55,14,77.46526197930176,48.13643714893689,3.781479893434499,90.93066436653471
1,-51,9,56.2144753827585,47.97047114768421,14.323345650138869,89.2858394627373
6,-74,14,55.27038900455401,110.2073958961925,7.250314545883484,46.989476136505836
6,-61,3,11.47419583381919,38.32477605991773,4.975353775100785,100.0
11,-82,20,12.613765801615207,5.131346110683083,2.7224644240626175,60.495228421558885
6,-58,16,52.95336150224574,108.7093437549818,3.666783153849931,77.07501242613621
11,-35,2,26.886154497900662,29.821787856093167,12.492735623871638,100.0
1,-39,10,2.103690246046863,20.149947319636027,9.216150139757488,100.0
1,-66,3,72.28392039002122,39.43983748613872,13.69868429232474,65.38106419923434
1,-77,11,3.248659669016496,60.08557573679208,3.4795267823667873,83.04701913938128
1,-80,11,59.52768411040545,74.0064174836141,1.8170786077335221,62.85936480121209
11,-38,13,53.91937941273144,11.46265590333147,0.09131296463385008,100.0
6,-56,7,96.88146905778045,145.73313323096727,7.617930564239907,64.5571694613397
1,-50,17,48.421313934764164,108.82914274583592,14.974603955729823,60.25790774470842
6,-32,2,6.360143637779736,51.86313947202874,10.424479032279585,100.0
11,-77,12,55.16879678064617,51.211102306382614,4.625918879477191,67.7240212551841
11,-61,10,84.10961706161014,70.03866965842661,13.152878745392576,61.15651310366533
11,-50,18,99.68492842814399,95.80549930063978,11.725833989819396,52.3143516645289
1,-87,11,43.034317368907246,26.224094655400325,0.23122749114808883,72.91434504600241
6,-32,16,32.02987424967425,32.39482299591809,12.252907208115337,100.0
6,-87,17,90.66532969519989,129.6180145108649,4.50790135857744,25.897322965320654
6,-63,19,19.124212907612137,42.15696396391552,2.2451019687540166,89.64603299011148
11,-83,18,61.542891503292665,60.128274706400745,3.3949625960561187,51.571666974030315
1,-89,3,40.57144241809477,131.33441838776696,7.028697065627085,46.7779333701623
11,-50,16,4.108236495555529,101.15643526297427,6.373018906020166,100.0
11,-45,6,34.72884743056978,54.54822250454481,4.333309490613401,100.0
6,-69,12,26.52285225026746,104.13643413007001,2.5832748331054907,83.06285316101301
11,-50,11,68.60911539434869,7.854066230304988,11.43346184463254,94.14876391374725
6,-35,15,94.87904976919181,111.66818570164796,14.851646756023756,72.6287405548286
1,-36,15,26.804718737863777,75.61732587485473,11.666873706295357,100.0
6,-75,16,81.14659391516817,122.91141135624689,4.439054515073118,47.62762689670663
1,-62,10,5.535981693840952,143.4224595409379,3.6721344211820006,81.27016801689805
6,-42,12,53.81210100398132,139.2393396767124,3.2649881409890735,97.06973400926923
11,-43,13,7.055006370989458,136.84343130102442,2.0504261173355443,100.0
11,-61,4,93.40329911306394,79.26464361041364,8.269958245384519,74.71083698267229
1,-79,7,76.63512805573902,57.220606550146016,9.081005579300163,50.27609995575984
1,-56,2,65.79499112045923,72.43012208594754,10.582539909947059,94.9538226708291
1,-80,15,82.38963816246643,105.03492048043731,10.20320056400502,40.75091453237482
6,-45,8,64.75197955701631,133.1796776463221,4.384999669250737,100.0
6,-41,7,96.89443971742911,35.013013935017334,4.954665080952698,100.0
1,-70,15,71.39579478647715,138.13800797694694,10.222718031635068,40.761739858527754
11,-70,14,92.46586095822468,123.20113363563392,5.241714611754425,47.73865131665971
6,-86,8,51.713189201063805,146.93412220084403,3.1893478442896956,47.559953446969494
6,-43,12,11.706441298186265,132.63650712584462,5.615042305451094,100.0
6,-71,13,52.81777214230171,45.59091280532647,4.081262363669665,76.22971058200702
1,-54,11,12.68728280630933,20.363607144886913,1.324690818278667,100.0
1,-88,17,59.249347917640506,21.27495543878035,12.452083534149804,40.46799535744994
1,-47,17,48.24930605276629,47.227381193850036,12.796670837355546,83.38493140209653
1,-58,4,62.25753978327817,94.0566399777582,3.296254502503192,91.94132186490742
1,-38,8,1.0046981054831594,121.62644728409002,0.9715829928780262,100.0
11,-82,5,19.484049165536412,135.39129451232688,11.082411560267692,58.1654369075022
11,-82,16,49.13304319121309,95.44424073353875,3.1729293879512053,57.86290857953647
1,-87,4,95.05035615891349,5.8165403484677904,5.901532341552904,63.92026638617549
6,-56,15,38.360904035515844,32.01593259518736,0.9620287835607488,100.0
1,-74,12,42.43720260536347,19.460299558738352,3.3940437713765275,89.05860270075243
11,-57,5,71.46960890066222,57.68204895750645,11.893534174944536,83.99840125557321
11,-67,16,60.3792757286118,77.69589407689315,12.065946703728027,48.52600025144951
6,-59,14,29.892615009833325,11.292590893891322,3.1062723733156563,94.27047530816782
11,-90,10,41.08163955674278,55.52930649037002,5.038707676600343,54.38587005898454
1,-83,7,21.769979885723245,30.981052820671774,2.0135762864061535,87.5492617647369
6,-46,13,96.60214591302085,98.82517410753672,1.1125894542738357,100.0
1,-68,20,13.063438155735973,72.3194935520293,14.882575716726143,54.60830016686332
1,-44,5,37.18367845664194,76.82105880541677,9.833909268672588,100.0
6,-51,3,2.583897222001119,67.01530926485185,8.131447637974782,100.0
1,-79,15,22.17794919335464,143.6228580205522,11.482477506079492,43.760974612557284
11,-37,4,78.04711383801549,36.136593142626666,12.601157395315862,100.0
1,-79,15,20.117523228887947,79.91631767736177,12.100721520670913,39.58375712056928
6,-45,14,8.00634025289656,111.72251841297371,0.2480917393481491,100.0
6,-44,20,47.44531798445233,85.74243990451157,2.8021184728574773,99.62156949388455
6,-76,19,0.9969234734518495,139.70802842893616,9.823579531767466,48.81974748194451
1,-50,13,8.476615442633317,59.805411567986205,5.636390217059444,100.0
6,-72,10,80.76258695629751,72.23299183711082,14.737239765916605,33.949313074889005
6,-65,5,77.14733448596064,17.835735706135623,9.98107188957381,78.74675851693183
1,-39,20,91.5138820404896,93.30487110252963,14.348233630938097,65.27140309815256
11,-62,20,85.45154359107495,46.790735424975374,3.0216972246869074,64.7554945899694
1,-69,6,68.3175563239818,28.244810729757482,12.959355421725347,69.68060315123022
6,-51,4,5.233285730066283,83.95703747115367,4.82028458722838,100.0
6,-70,2,78.28486179866574,82.18498819008704,14.843472123567102,62.767527928317456
1,-40,16,84.55108108405605,16.001387977486893,2.3653300810972095,95.95176674550692
11,-53,18,79.90821457719545,106.24124075669856,7.745097282574899,59.42514018800596
6,-71,5,50.847903530802604,95.44696764437367,11.892668007556829,62.96252971375595
6,-34,4,23.290183864948165,32.407505998242094,6.489637209060538,100.0
6,-62,13,84.53299756887267,73.06805501233636,7.0212609028147,70.41019061805214
1,-40,19,72.71628097401384,109.44682288939119,14.795336932586116,69.67258219729901
6,-87,2,98.07611743888516,81.7681823784851,6.3796222545173,49.13940906462668
11,-36,13,15.569259775593292,62.34591604661768,9.061081508985954,100.0
6,-84,11,22.566458305205504,51.739076421736826,0.8180949101272605,72.01968779807488
6,-63,4,21.17981498815027,93.50711066338778,12.6331512031539,85.6536478876757
11,-63,20,79.25397676213368,141.17076125498488,9.722520734693152,37.36340621313466
6,-87,20,18.690729645011817,102.4030018692351,6.060301542942203,45.69644619842522
1,-69,15,6.665982982330609,15.838156027265748,0.24254309931779627,99.21196084238011
1,-79,4,99.85608065856286,71.79932115490939,8.875032308902558,53.49079465204199
1,-46,9,2.4817211445149145,134.169499069041,0.1898674272624329,100.0
11,-88,7,83.52440601588657,18.697051741157598,0.01805420863526863,61.400523011763546
6,-69,19,36.53668415506528,148.3869782599438,9.24147843224032,43.586561575871244
1,-47,19,84.16154597578152,142.61506207858608,2.835256010018314,73.34680783110565
11,-89,6,55.4620491211145,16.349799705831998,2.8783132457714293,58.28026971439746
6,-67,6,90.16312294863602,140.34493146518545,9.799073487491155,54.42255679140755
11,-57,20,92.61929864146266,57.65422558762202,0.8054578190906142,80.80791270343983
1,-64,15,0.9098181280775997,127.48282922600006,4.701083422118345,82.78404376701326
1,-36,15,7.541217599278827,65.66558396842437,2.241478532130286,100.0
1,-50,20,25.035872957085548,68.92399134186479,8.702645546948007,84.23182345762902
11,-90,9,66.93154163635016,96.96524819174368,9.926477320910937,32.58854987321904
11,-83,4,88.8272196511506,117.29922579501759,10.817037803985652,41.708039276666895
1,-68,18,45.994195129396275,9.899426887496052,3.8284682537784813,86.46013979568971
11,-53,18,60.697311627426544,91.00761935143447,1.33874627454876,90.73953065445507
1,-85,5,18.849985279556115,32.076284144118794,1.1802548541284674,89.21952287869998
1,-69,20,80.49668338816853,55.16268009016443,6.392273226760857,51.5524561239929
6,-66,11,96.73281113534698,55.455456592506394,14.187666135940725,55.17283842013005
11,-73,5,26.85989329145975,73.01374933206728,3.265935513705369,80.26670849304897
1,-74,4,49.48259516005463,53.44977972204514,3.85112402012324,83.84786880147864
1,-79,12,8.61161105063738,20.567362175346823,1.513332031587884,89.8538859469826
11,-85,2,55.91366564629684,26.11616708619046,9.083554108408954,70.63915637891806
6,-65,13,50.27834418466806,9.848507906359163,10.198093109207623,79.40637400054257
6,-64,10,14.44364841550776,73.18611737266937,9.6439681224114,83.79738749144832
1,-83,9,44.2066213118075,143.39491575368334,12.916953645671718,35.52657512223278
11,-72,10,33.410465208656326,21.7729074289769,7.296387525391076,83.07855238183967
6,-31,7,52.18308753051893,142.20835148544688,2.0168556115059664,100.0
11,-49,4,58.565433542879916,111.33741963615357,4.341076960566189,98.95248843125836
11,-90,19,0.8495578607209509,97.43732642545366,9.936449601320277,37.10778575066265
1,-34,10,76.10059829495553,98.56527452191662,9.196829606123398,100.0
6,-62,3,71.30142918617408,124.8755090174609,7.9650469461444375,67.48514656572523
1,-46,19,36.62863862065222,20.503380335074098,10.244466280330307,93.85413263866282
6,-42,2,5.2935935568818255,78.18937691700356,9.56086275559949,100.0
6,-56,20,75.49325397850504,106.07821504780999,13.219873341974274,49.188781376922236
6,-51,10,95.51751604781325,90.08896453566673,8.79024566217445,88.69911639976775
6,-77,2,24.015159602201418,125.75296529837772,11.679020380508348,60.96054901210035
6,-56,2,32.35246137370379,15.479397806645967,3.730607339497018,100.0
11,-43,17,18.381288948181496,105.15165072737906,10.17273876883602,88.21111808553968
1,-46,16,57.693612334483966,82.43402090578407,13.532911775740136,74.56473217257603
11,-71,16,15.484139464745494,59.9783252770918,5.7859849184974985,72.7166224404234
6,-35,14,35.619394346137945,54.33987242393447,11.6865628100797,97.53699220669158
1,-42,7,69.70130139342629,95.02073175225797,10.87183951793153,90.9451443717593
6,-78,11,56.01159830093484,134.1943293234184,0.8928929530773372,61.494061641228484
1,-53,1,38.64625643279352,76.94550928466171,8.722624644361085,100.0
11,-42,11,42.02496018075419,124.58485879115342,1.9528402380120358,100.0
1,-45,4,56.21108826232295,63.31267536737529,14.509787583458868,100.0
1,-42,7,0.5864727887161303,19.8471971050106,12.171112540509842,100.0
1,-83,15,7.8509868453609855,13.91833178650259,1.6458570187068018,75.07874143013996
1,-48,18,88.12580677630116,12.443483841933247,1.8262799647151762,95.05282291265763
1,-71,12,7.787898909129076,60.121770583862144,8.917107823689284,84.92333848202777
6,-31,17,70.68035962105051,53.8994738711971,5.1733376125977495,100.0
1,-58,1,92.00381641090526,109.10086842527258,0.5235878860966392,89.84920240860237
1,-65,11,27.06836043017311,112.70911772980554,8.124622617495797,71.07141131322912
11,-52,1,37.04914370595142,12.373825480892275,5.817676495287704,100.0
1,-70,15,56.892140584471626,37.06287311890717,1.5161473855761398,82.13494049937417
11,-38,10,88.17089696385847,44.76796827304046,12.02880588383974,93.58338541794157
6,-42,7,94.19055872604201,84.40373770070737,13.72615147918209,86.85657007281935
1,-49,2,73.9563248111268,25.954707466507788,11.34890901021195,89.75403364408406
11,-48,10,8.661976085469403,24.42147681300005,12.33633465024416,100.0
11,-37,4,66.91541555348508,141.8493889351539,3.2473585089917605,100.0
6,-50,12,41.03037218726621,121.60942155817824,3.953594263779015,89.42948881612601
1,-82,19,47.07009994910616,31.194960803219693,3.127913104487816,54.21571200078343
1,-67,11,4.914839034517704,63.95233214629619,11.47595147048346,67.99429671464185
11,-54,8,19.106213934635818,56.56518989234701,14.218756184017456,97.45063363850753
1,-42,18,79.05136075336478,119.69559073948406,10.752558101008539,67.77693511361129
11,-50,11,45.395883304785976,78.9808728893277,13.22200147319334,83.06511168332824
1,-74,11,30.166224163114887,23.53821186405272,9.580486423247589,75.48632454053507
11,-67,13,38.401907396495815,112.15384915765536,5.814898508381986,77.60698850617104
1,-70,3,85.43995133256801,62.548756842613244,6.386424223954577,75.21536132262868
6,-40,12,74.8999017404957,43.12401590666132,1.1298214825110726,100.0
1,-32,3,27.231539718108277,59.44730019300442,0.4718579286903912,100.0
1,-52,10,11.750184021237331,77.17470172299997,10.43213406283616,100.0
6,-36,17,25.19982216440717,54.75174988046637,6.5764333801677095,100.0
1,-50,2,92.07564510547337,40.07633702580488,8.283226020819443,94.62884072020167
6,-52,17,58.15888378497554,62.78279417657715,8.364918714336245,71.70923345702025
1,-78,16,53.34802087447829,7.780072058735245,4.160637199999521,61.468222649544984
11,-80,2,59.63935996924615,117.01218768396551,7.13838766244236,66.58351401724225
11,-45,20,36.60282657465152,29.78700956729994,7.061403325015534,94.65531288967699
1,-72,6,80.71070203195127,11.3661689764424,5.826408318417855,76.02697795910656
1,-80,10,52.32862493002498,99.78631047123649,12.310130751016057,40.749799578856454
1,-78,10,11.674790276879554,117.22073867943247,6.767460055313938,65.78850081923828
11,-45,8,12.906512482906296,123.00522408096226,9.054667867589817,100.0
1,-46,1,53.685914650261836,76.558831485787,13.43280180571239,98.16343228454546
11,-90,13,93.65702180708392,34.77838678004787,12.993504342883837,32.62859748450786
6,-51,9,30.835212167619876,111.89801320122487,13.356333056687477,89.78391027384453
11,-47,10,86.95411688592183,106.4583961873789,4.05007494697521,82.7424530919173
11,-72,15,76.40955865788793,40.70925644496012,0.5247373246209425,74.47971087525688
6,-79,5,24.781244290690687,135.99412460010498,3.9160019984299383,67.38925574734473
11,-83,16,3.6340748316242455,20.133861422010206,4.18061018431063,70.8689261408657
1,-83,13,10.184726514238275,147.4897947407422,13.64040490087452,38.49593128421354
1,-38,20,72.84939338474402,129.73593259173236,9.73864099256956,74.18638019526044
11,-46,18,19.96697380406467,104.74530359446591,1.2255593940334313,100.0
1,-79,11,37.12709205053938,141.11873380057577,2.030678940166517,65.55391006710535
11,-43,9,50.16991660064248,109.73511940693763,2.335141883129631,100.0
1,-58,16,72.54681684501628,32.61626456935666,9.456326222533848,69.22402213743662
1,-46,2,11.323122325912538,69.1126400263577,11.031210382605046,100.0
11,-65,2,40.636640527746145,15.367938528087127,12.894658658480942,81.54780528879834
1,-52,12,48.50729091426954,61.50032623177673,14.109548262093647,73.75943032487521
11,-63,8,54.08270639715397,112.53243786189526,3.0255683607966266,93.75866280932661
1,-33,9,81.83606413952167,61.03428588496852,4.646587270860736,100.0
1,-86,12,17.16781950432169,52.892655442879445,3.6048432111724598,61.39756632292364
6,-83,9,80.78314518266222,91.32657976399523,5.381423511992066,51.842019024974896
6,-66,10,69.28784276966522,131.4696567048398,13.719976611356241,48.76581378268596
11,-64,2,55.58708141989593,11.899562919186302,8.626688504090422,94.28695201472108
6,-45,16,69.95278704025719,60.893213031461634,11.072878459867486,88.27729419754192
11,-68,20,41.20177389516564,27.944907563213093,7.35178854190173,69.949876685715
6,-61,7,13.839758596812457,105.8263663561211,0.43286870004186795,100.0
1,-46,2,66.57652402653673,20.330061262514555,0.9629322899672149,100.0
11,-44,1,52.46723066856222,101.39712499413545,8.068845469018287,100.0
11,-68,19,63.93748005427755,46.49622626569656,10.781835522300385,57.751223109876655
1,-42,4,33.799878102849,33.842937991897585,3.2299579129309723,100.0
11,-44,2,90.6866577339836,140.7711208846229,10.82864360988456,77.7896127017708
11,-71,14,58.736986857557696,7.686063628163601,12.159986602252687,61.40127214320893
6,-73,2,8.540248429087383,68.47770442398749,6.178462175431668,84.95122787262704
11,-73,15,44.980399070442864,8.135913906960099,11.196288492661575,73.96308916979665
1,-89,12,75.63560547436343,75.12099197512771,6.0604492549268985,36.07371175605003
6,-87,5,79.41345617322723,77.65186978019064,10.1752594418253,43.43901277922533
6,-61,20,49.45970527637588,51.64105835223832,11.459955739793145,63.06001712198969
1,-58,7,89.4747570831301,24.163457741128433,14.878899274621663,70.70570271540875
1,-55,10,26.766843719429755,59.57619297149892,5.1809499309539415,99.55980825517888
6,-73,14,41.05986972382666,102.47812629022208,6.165611708619172,63.54122663907607
11,-54,14,89.859691056897,118.44739225344657,2.4843008911525697,84.63044640943501
6,-72,5,89.62567164715789,81.95883734628063,3.061095876027103,77.11511014330071
1,-44,18,68.57127688246808,90.52598719376456,10.400925038975666,84.06900201523467
6,-63,14,85.89805471222202,34.089373813074644,13.75568385231714,52.06761700488152
1,-51,2,8.877326695623267,46.66289831800917,5.919074274918608,100.0
6,-71,12,86.49949762077763,28.474863457591972,2.6976667025331187,74.28479293139196
11,-42,6,32.061990655022676,41.147825750668645,4.276492490744911,100.0
6,-58,4,17.833151242821632,37.60858313270211,6.82577557212208,100.0
6,-79,13,23.936983634204633,80.32007402672946,4.359754940480526,65.8442873575181
1,-33,4,41.79685080138871,86.58986958965576,3.5036862468279937,100.0
1,-40,14,25.119200460446724,142.01737601911816,11.039767331356193,92.00796280640154
1,-76,16,32.0567586016499,33.357743829720846,0.11767381860934789,70.65578750008147
6,-50,4,13.497848607164208,98.04297797341691,8.088457910047246,100.0
11,-52,1,29.617676555899852,123.50259400319082,11.906502105446307,93.68619910322654
1,-89,13,57.22838145420012,86.23501224854262,3.993424294762023,41.8690111281099
1,-62,4,44.185370809106395,41.975529612655976,9.04937265918026,97.44387759424735
6,-50,20,34.67187612359112,43.06978335290003,10.033501584279266,77.49335871089227
1,-81,18,74.6452128857114,10.691692695294986,9.82537044607635,43.20483674030623
11,-89,6,89.3509971393318,49.289412849529846,6.687744512980766,50.559135888390884
11,-40,3,75.6789222902397,112.96753345549011,5.198669818136688,100.0
1,-80,13,33.200070211767915,11.890074795031005,12.538861095417202,57.2859668625647
1,-78,16,74.44421678375537,36.79781596320045,11.376689354997964,48.196662670226225
6,-81,5,15.19801824740512,107.40371228710838,4.818827601208688,77.25526037905072
11,-77,4,13.031798809129091,118.48447660931711,1.5452879166330913,86.09609075389967
11,-73,8,34.562703703615895,71.02116945897961,1.0771131816820378,81.50435525051773
1,-40,19,80.7702369044057,106.22077907940408,1.4141396684840406,85.37314027049814
6,-37,14,24.634824724230185,61.25306445495934,8.743040417880643,100.0
11,-82,7,6.325340889867959,28.18742052849849,0.7749326374348453,89.02720205387547
11,-34,14,13.170953520635509,62.73167656082145,5.053903124460576,100.0
6,-52,6,85.87449685295802,89.09533392945572,11.29799552871344,82.90036723040814
6,-63,12,63.37832847472876,142.46772586866908,4.415222497730672,67.43175903337085
11,-88,16,25.320116336997668,14.968888052858212,11.449621157701948,41.136830772711605
11,-71,17,55.52958253281813,78.57214360751928,11.18200557310583,51.821449427492276
6,-85,13,52.75796224253504,52.693367840555034,3.687406989498245,52.94194305361074
11,-64,14,65.54359784406613,78.7051956701207,10.932332701391182,56.351336171028656
1,-38,7,23.31875544216163,8.476439869597094,11.216649574081512,100.0
1,-89,14,86.44029871943977,50.388676431729294,5.961808885005403,38.41550097567009
6,-62,15,30.936856208001284,123.88088139141573,3.1563072561227736,84.32200089739456
6,-53,12,69.41316539762369,85.32155140892245,7.8190621033780365,80.585147381382
6,-88,17,1.612464637221489,70.33446145833702,13.820963820002945,36.08869351979971
1,-75,9,37.26571298941472,46.40113539872424,9.59425098648093,61.4068248196496
11,-61,15,35.17098179588083,48.21616580474661,2.593837464408918,93.84777767514917
1,-51,12,54.348442858301446,60.54970787063475,10.241353871002799,81.7457023331807
11,-89,2,7.27362617771965,126.15775294486126,6.408045409227519,65.22942779117633
1,-74,5,79.01313737261083,145.24591498719892,8.872931960330595,50.64287140852306
11,-50,13,21.778080176756852,68.60503029580431,11.010960525346619,94.9336904587441
1,-79,20,67.70378148820102,62.03616161842547,7.724210272716673,40.734027879609826
6,-56,8,80.32121232440932,127.74986249388012,12.20975961859963,64.84306653500114
1,-48,14,56.18769562415131,66.90127149226402,10.832333689749417,86.08195372790102
11,-90,15,74.08832067219855,85.04263498286943,9.22610010027766,38.30402529528055
1,-36,11,66.18603122150056,38.486541366817946,2.2618922374852724,100.0
1,-46,1,35.55297971520076,112.80786768796591,12.539236663673524,99.96907105891485
1,-76,3,80.88585390335653,82.13830614926337,14.038583779797241,51.69661299525332
6,-65,17,29.4701369885528,122.31000978484954,2.0544768571394223,72.05271326923335
1,-54,19,57.12129177515172,118.2062458541571,7.3236169415014585,63.291527777487104
6,-70,14,74.53977391415395,36.17569139915415,3.8833311295575674,68.40828661714164
6,-42,8,37.89559098125076,108.76715483087555,11.317849611383469,93.31458498872934
1,-60,13,30.276760761742505,121.00788915294885,10.8244445400705,72.39757927546047
1,-66,20,45.934601017282276,55.18554991344729,2.1132768085559803,69.45598935220546
1,-68,3,81.79634943491536,30.028321370829808,13.155409068924557,77.30189910469782
11,-67,5,92.99217631456648,5.3816625590402865,2.714595959670034,94.37574653625641
1,-34,9,54.50834128598901,70.38102969850648,11.958885384721611,100.0
6,-53,6,66.14662053236519,56.10274607313203,6.854705394420073,96.74011522442409
1,-63,2,90.32736222389141,85.46192590468429,4.924084403372269,81.3642952035072
11,-70,13,9.85468514129424,32.26595842537394,2.3735889401132026,93.79967912738277
1,-37,5,23.207857786616504,129.65150441163888,2.5142138421994407,100.0
11,-48,8,70.89000062515825,42.3745062660759,9.928358320513505,90.948824951493
11,-73,1,82.37444619122996,37.832292737709246,8.256455819206808,68.45167245852886
1,-55,20,85.70290283305779,74.70353819023161,1.8312813247684905,79.22227218794755
6,-56,12,41.51071768549326,77.33339844291977,1.6904679065748778,99.06320487025798
11,-46,11,8.933990229186684,36.18735817383846,1.0846586215918719,100.0
1,-36,7,43.778147729961994,44.41980537525779,11.156510210603162,100.0
1,-82,15,23.07345902070538,29.607259677510516,10.678231278439338,51.23856236606768
6,-38,11,29.11964549966242,109.17672585685918,0.8764648628186272,100.0
11,-53,16,77.22675568375058,116.66290953184188,8.404051133954594,65.16735861117095
11,-33,3,7.552708602588687,72.03763213159598,1.2701423286403486,100.0
1,-61,20,82.75812174807021,108.54261828932754,13.556186559134126,37.46273542597277
1,-31,14,42.76690858241691,111.7106318309296,13.606761287701987,91.34733640685273
6,-47,3,59.60639311005951,25.049951513282245,10.473494847196951,100.0
6,-57,1,8.9652231235679,145.09581360100782,13.892833821591749,87.14711221007116
11,-59,15,33.735907835727964,124.0496323289825,12.171795456205357,61.73350459748568
11,-88,1,8.970091901484578,34.650101873394405,12.42807863890574,74.39713958251474
1,-88,17,96.15437228811096,31.993930183180186,8.545617758548998,33.51152045550118
11,-63,2,80.72616493262504,23.2208661090395,4.590887973242638,88.59932361970908
6,-47,20,45.963275435646025,25.064891568578165,3.2669867267463237,100.0
6,-76,6,22.36025483236711,113.48346085916094,4.9080003305839375,78.39913641479411
1,-50,8,93.34551052498522,73.09986725798541,9.42743145133593,80.67010453676305
6,-68,16,34.45965957269718,118.52545504728074,2.589848037485984,63.35058283824584
6,-51,19,16.098443168737475,113.20695968077979,3.8796035495598242,89.5754719536347
6,-80,1,56.31643884539549,92.66884345825713,7.020912941931966,68.4401946286374
6,-43,3,94.37741203448161,104.52315795390854,3.4957514778692333,100.0
1,-59,3,0.3830290500322575,7.661580034975559,8.829655045740925,100.0
1,-33,5,23.812484325399875,50.207758786728185,13.847640426844947,100.0
11,-32,12,93.84476404104076,97.48421599261448,11.221340485546897,89.90810965949973
6,-34,12,17.108596685716204,6.355018255505409,9.996399212233696,100.0
11,-37,20,11.324345163981986,9.781656833976044,8.740822139756682,100.0
1,-55,13,57.01872157998045,128.52375745820558,7.319218638855974,68.81443683946051
1,-31,20,86.18438232948299,104.18360494535041,2.7984578945198955,95.85534482245633
1,-58,9,47.71098176939261,43.47861130244987,13.420656831402983,82.27577435255013
1,-67,7,99.45642566845248,104.7546118172128,3.728040030192545,67.31677134816341
1,-52,4,67.91716995379929,119.90621702519317,1.3696331636724113,93.5356462714636
1,-57,19,7.407490721044773,49.48517105096468,11.250227688430428,76.96143489661537
1,-35,19,99.28321316819753,10.22541973738218,2.6342330149674957,100.0
6,-63,6,40.78942367801904,140.2529730797215,5.57843999311764,82.3434996146104
11,-54,13,28.740253384548254,55.05107655286642,0.4242739243646959,100.0
1,-84,11,55.787918357788556,20.439855676282427,2.056019138106721,61.2811306574669
6,-87,13,30.43075918208643,76.31924635200637,2.5980544613986813,63.64337918179101
6,-54,13,8.645750712015232,116.42783037129941,0.8161519162526693,96.88115242740314
11,-35,20,0.14283430791767193,37.13886061954608,9.849854349342678,100.0
1,-90,15,44.95833529202623,44.07605726933769,12.555116937046758,34.29489238999619
11,-90,13,83.68634222265922,40.19367308579456,5.599731095489115,36.11793379779197
1,-44,11,57.231518563007654,148.79259266059333,13.118647150773011,70.12600680514966
6,-71,19,99.92072989434408,33.623541390928665,3.2001986184018976,59.616365539907605
6,-72,8,28.68466456472,88.45043146008798,4.880856353418592,77.44305698347773
6,-62,20,28.04550647600553,139.1633730402598,2.2610548954675256,70.70873808593389
6,-81,8,15.97494602339442,26.30000248727799,9.30838793128498,80.30838842197493
11,-31,10,16.40635882653352,145.77385869081652,6.298043863054603,100.0
1,-73,16,28.51865960100478,142.38419898736558,9.19925020262848,49.814019134865546
1,-63,19,79.28400452735272,133.26293812344807,11.425123580912754,48.338533424684364
11,-56,11,90.57567906364478,36.11069559285033,8.185545240494227,81.2209527915048
1,-48,13,97.50871697076813,96.93798312159258,9.414455323526818,65.12019896522541
6,-44,9,23.228965409645262,115.32926357937983,14.028754715914994,93.0628047375124
1,-60,20,88.12975456140917,147.9740495884823,4.485964644132647,46.98451034419284
6,-64,19,32.82550892773371,31.161454201798712,5.387459079509297,86.07852412244299
11,-80,16,11.28405445168844,116.07375543029798,10.765550425640054,42.122484196263194
1,-42,7,87.00249255201656,54.12616963943138,9.1695827558308,100.0
11,-42,19,63.61056346436186,30.465837507360337,2.6779935680957223,100.0
1,-53,12,16.47308960810617,66.09965647600896,5.642209650157353,97.09929697811751
6,-86,15,42.98312575130026,120.10620726154937,7.017570196870724,39.60321610420913
11,-83,14,28.725769487706764,72.40322153708756,6.29084756952584,60.54460066662582
1,-57,11,73.6794568710197,82.94084952944203,2.6741221248306117,90.80906647430108
6,-43,10,45.341623062426805,149.29811447901758,13.866451376763933,82.14865560889378
11,-39,11,98.9279945106385,62.87084843582677,11.434781425409637,93.92860644097763
11,-35,6,5.474498225959512,94.23310943283977,7.220337481617784,100.0
1,-79,2,35.50152661362467,57.96040923422892,10.200915424602549,70.39513776937424
1,-53,11,48.19001671099774,61.95391871766222,13.459240082032828,77.90660791091254
1,-90,19,50.31335547483198,105.86790924958417,2.0426121354235685,43.248116632867884
6,-60,6,31.593582238563677,140.9936115337581,3.755595760604665,92.26727639059928
1,-87,14,72.9240249097568,83.6420478213866,8.140518708849676,36.99806751010474
11,-42,20,87.47470734889747,116.41798969757308,11.985155570285379,68.27448481385483
11,-46,6,93.8719301977863,17.934951028459754,0.5438234316229107,100.0
1,-41,17,80.50933767995262,35.61791542762941,14.760272252945407,79.85977787935238
1,-86,10,85.05801973065994,77.80908793333221,6.823599043235957,44.309778235231846
11,-61,1,55.05453006199955,7.901699926172345,5.388467109325845,100.0
6,-35,3,82.58882264268146,41.66397192057103,4.390866567596578,100.0
1,-67,8,30.350390914795224,80.02318702462009,2.6153506147630745,98.56415614996581
1,-32,8,39.84787621092144,7.169373747163603,11.873608633950418,100.0
11,-88,20,31.69130138185443,43.35921150277605,14.331212471191447,31.755815640037323
1,-80,15,46.738733544792545,79.53446882400108,6.204671322680973,61.85539758288664
6,-46,7,28.557961623863637,88.10664095728062,14.286310421301843,96.17569894786618
11,-87,11,96.16114422544469,139.23399549301928,12.356964231525513,19.46252760394772
1,-65,7,31.284462800566814,98.57511537133814,7.215766912144774,83.67253909887962
11,-64,4,9.804453811093982,65.13669136684909,10.110392686891991,90.34020679344326
1,-45,12,52.68171660504134,139.90092068429485,6.524762687556944,88.65246174842959
1,-37,6,5.7099078445176366,118.80803259123017,8.380851123188286,100.0
1,-48,14,11.054316630858052,34.001293561348405,0.8706950552775572,100.0
6,-64,12,21.93893891962463,23.972142395578867,10.443952129507997,71.55188616646554
6,-49,11,46.43502498821417,102.99268718269627,0.7923696672620506,100.0
11,-40,19,43.32509323090279,86.18305900866265,12.256274203794742,82.62003316446732
1,-41,5,79.96918620027913,119.50267399994958,12.374203941908362,86.95287578278725
1,-85,14,73.94746538841133,112.12673226140954,3.556159313343219,43.68059560670001
6,-32,16,42.63182939907013,95.65567240933969,4.854941715537004,100.0
1,-76,13,33.37042075756299,148.02541488618937,7.2196556783744,61.96062120403845
6,-38,20,31.64687840614986,82.37051086600925,8.949943603987222,93.7189792531487
1,-61,4,77.3995087294009,21.400334692749375,4.310304926129951,96.89024059661654
11,-49,11,5.2072406221269745,125.0996668983183,8.887296069478875,90.03166662009815
1,-54,17,1.2821649510605826,41.5187375401278,4.466806098439483,100.0
1,-33,7,79.5544391926648,117.70881148086815,0.8323608160659102,100.0
6,-54,14,47.71463759890493,143.78052892000744,0.03791324747863423,93.80801581447554
1,-49,11,13.088113855357598,106.03534952482948,1.517265868776429,100.0
1,-31,9,23.556593459450127,91.42437333772116,11.883760502460273,100.0
6,-54,13,93.25039530973825,71.75599547288088,14.421469685750058,58.98834984232013
11,-56,18,85.9502975624898,57.83943056933347,6.404492989218289,63.57670921035744
11,-68,11,70.97850502239726,56.18568889091626,7.690259301749141,67.34180794793178
6,-85,15,48.22252303373266,97.27404232789064,2.202722536101392,51.268460497512066
6,-87,19,52.032362619138574,113.93460195597315,8.265470290202355,33.71475066977087
6,-73,1,97.52445352839587,103.38497507524008,2.1698235301046527,76.21844550870483
6,-31,4,96.57704438842872,33.769464673066594,9.16821496798245,100.0
6,-82,14,21.526904578583427,76.62814112080622,13.998880013712808,49.713735359998466
11,-42,14,81.11045663053181,119.78781046654413,2.935478089545594,90.20078004577375
11,-62,3,19.72426661670168,73.97709133741316,11.46845577085653,81.1598121204002
6,-78,17,21.35374778839514,82.81037556164661,0.35253634227486064,77.36281020381192
1,-32,3,67.60930341645768,116.81472698476921,5.632458619824315,100.0
6,-44,16,40.50010985875484,100.88346940843827,1.6612276174576357,95.78893893461913
1,-39,14,93.15444071065203,64.35501352794694,5.287131623935491,100.0
6,-74,20,8.900973489600883,134.83484312316176,2.6030537945832526,63.45400842292161
6,-46,13,51.152564080949304,28.572224956204394,5.599574851843311,100.0
11,-59,15,91.85215304431212,149.3498850455971,6.2628420916129555,64.88271107009312
1,-43,14,90.41136604795051,22.233623879054395,4.508866841713775,100.0
1,-69,19,15.652921341574121,7.16774581011464,9.849329242096937,75.26960406887142
11,-87,6,36.663770009645646,134.05274066657088,13.782780768883645,40.126670188895574
11,-86,10,61.912140004669624,40.51825871306363,6.0089306115790855,59.30833642136666
11,-54,15,15.939488477140218,110.80644597977454,2.8851473471253213,92.32357912008548
11,-50,20,96.80221720457386,122.59722936515006,4.06084137293975,67.01267129954292
1,-42,6,91.47493287276603,129.55302669965693,12.810012352445534,76.16670229899617
1,-78,10,16.695017903446917,148.78116417130417,8.57459584905222,54.094680321643615
6,-57,7,12.115546126098542,47.63575795579987,6.8251654846043595,100.0
6,-46,17,8.54084828082653,107.98528457945257,2.244550822633901,100.0
11,-69,18,90.94436640366311,21.73297945072009,6.745909624856729,59.395874745005074
11,-38,17,19.362380979546078,63.98734724674316,4.1773800503608,100.0
11,-32,9,41.62849285443547,127.9558955303256,14.147446917800238,100.0
6,-68,10,44.8851365652003,58.31041667857071,13.26105164123597,56.79844700797355
6,-40,10,59.901104421356756,90.70883017766404,1.25853812742297,100.0
6,-88,7,7.173534374742497,78.04714934007194,7.749802338918643,63.55769752835379
6,-49,16,22.675861740051594,98.66297201124654,3.375875182720081,96.42669219867555
6,-57,18,93.1490386918926,146.06968646121575,6.161656342864359,54.217011173069615
6,-59,6,90.84101072685695,13.081651342703308,13.152719973771847,69.29582961568727
6,-46,20,78.12906474056922,88.22442003773631,7.912717798328172,75.99102073588837
11,-40,1,1.9401245618215435,130.13917299129128,5.013229400561397,100.0
11,-33,1,32.70067684961021,74.800493203522,3.118325311574956,100.0
11,-42,12,62.79587353429078,16.386441961528057,12.004872891097339,100.0
11,-70,2,27.519021177347568,86.27820610043177,9.367770230465208,83.45062135858043
6,-45,4,90.95866950537773,53.15071416945396,7.020981906393468,100.0
1,-47,17,63.38894618324419,27.466558874000704,3.262265307944671,100.0
6,-70,4,7.19067173164456,128.1100044261036,5.01369561235697,90.39619377642185
1,-47,11,90.9005588835703,80.63192938371263,14.397651401077777,63.598619888734376
11,-80,4,95.77666581762226,140.32507979496467,7.801349064087515,40.93646860828466
6,-52,1,7.771241839172549,121.87239316744501,6.010489218648794,100.0
11,-87,7,53.23602348613149,105.48091009718176,7.821330635224858,36.02401723295911
6,-40,18,30.336428221417044,5.72869798797023,11.68482758849413,100.0
11,-90,9,39.283907648140236,67.03440121254624,5.1016340475430315,62.28196960903729
1,-63,3,17.965121795534188,33.63551083954468,2.6805918139891327,100.0
1,-67,8,57.807210201241254,137.06569710208584,8.774041775085717,61.01520397695188
1,-56,19,95.79793532488907,30.31467777807224,9.978061552216008,64.49429978171139
6,-78,4,50.30726002716091,46.4787074905964,10.690770044378244,65.7042378808516
1,-44,18,8.291458139448116,79.94133132150237,13.229813861491944,87.83055550771341
6,-57,20,62.000133347740835,43.18772475472149,5.567611810336696,73.06967914658253
1,-80,11,34.022299445125704,35.430378205472564,1.1303234434333769,84.96259362080956
1,-55,14,85.59251895912978,91.86940213989911,14.375228754464134,64.18732703563272
6,-40,18,43.467814831647026,17.89478079947846,6.5251789115621275,100.0
6,-74,16,19.28396089422456,13.434325014534085,9.34886264509697,62.7336886306136
1,-56,3,19.110562269114496,58.975567801980354,9.994579846924385,100.0
6,-31,15,76.87641807211604,109.49634590364003,8.197705630518053,95.34108903487407
1,-73,4,26.55875983073599,85.44697994972246,3.0788629460440515,91.31323154228556
6,-51,5,76.7233394159223,66.31708792768293,11.327145751742123,82.47724433752936
11,-69,17,20.58873107665994,87.03397681256445,12.056279614561225,53.539349886617146
11,-34,7,32.16863687013094,57.99046527472467,8.294633790261598,100.0
11,-67,16,46.54869724396994,140.74121863765637,7.328417408772624,60.88935223601158
11,-33,14,94.31958496934507,12.961209182062277,1.7090727469197797,100.0
11,-72,16,93.17314247538246,102.64176445932611,1.2592749224967577,49.72581459750697
1,-54,7,20.68718754222878,134.23598640002382,5.093472683452931,100.0
11,-52,9,35.82190412430728,121.56328276661175,4.662692332760899,99.5011680738532
11,-70,4,14.939938845377231,31.685950049109778,14.304846764449069,79.56741044355593
11,-83,11,50.998507931349714,47.90932060214181,11.754341136651446,52.800449031192606
11,-63,2,46.05825506946666,108.97195111253018,9.898864428885899,81.1196315594099
6,-86,12,90.07601624507325,17.219231081211003,7.764721335264076,50.504453051522816
1,-74,12,93.00053777910726,122.71994647572468,2.51051296089977,55.31781365094606
11,-54,4,38.35673910072921,109.24150696769459,14.676850082764258,82.32724850497284
11,-55,18,49.173794301898944,110.79296413912468,5.6256104736031505,74.2684765152963
11,-37,7,89.62362491461332,19.53499868880075,1.603884036708672,100.0
1,-72,1,80.67078077450614,109.07527899835347,7.4069834357361914,78.44752058211375
6,-64,13,0.3656311344649277,103.57362815689565,13.109970174196249,65.14493804311819
1,-38,6,32.00595641835825,125.48376116916833,13.309365026659941,93.15709878516235
6,-57,6,42.17742419361259,11.031413657188079,0.16448874084670884,100.0
11,-80,12,22.97162836832317,8.351046927829868,13.294436171270995,55.6082044586502
11,-37,8,19.957161589593873,59.086029482391304,4.072263262497878,100.0
1,-46,19,3.7784506595679668,26.574301158127167,0.5845854595263461,100.0
1,-44,5,64.33697250697605,85.96574924768218,12.716854055443115,98.26370087786353
6,-79,18,26.251029048316564,138.0155907184786,12.958001339823124,37.092555058611225
6,-37,5,5.234717843131309,61.76456089843228,8.94346619763525,100.0
1,-70,10,23.097931052806363,127.5178047045276,8.616506359445376,67.11279295053646
6,-37,1,80.19139528361265,5.034926805090639,12.19680408932129,100.0
1,-80,10,85.14891816465466,29.43462330158171,11.794643290654196,38.919353262580316
6,-52,5,48.30662451933026,9.411413249842415,13.351582101640561,100.0
1,-63,12,41.607067040868614,52.58134117468495,8.291211713950553,72.24211219775985
1,-86,7,97.78536935017817,136.68749137599292,14.51470639099213,30.522854168604695
1,-74,9,20.05646595880699,19.058057921853223,14.942202464000077,65.92019447081164
6,-35,12,21.535928285460848,92.92941762785105,1.7481691499794887,100.0
6,-71,1,29.186717703639975,70.46691117231941,12.743156393311832,74.09843561542914
6,-50,11,17.275731828108732,141.0778907930428,7.497333866228836,87.87486553228028
1,-45,15,37.93655982041866,22.76527566787861,5.813495074497482,100.0
6,-33,2,91.08342269897538,35.7440383228232,9.196084648240724,100.0
6,-79,20,61.534784062857426,9.283585448666525,0.8394833589301054,56.99878722338626
1,-85,7,41.19465486122637,67.9206111965492,7.596916781506199,67.34047554562478
11,-74,12,93.44107945712148,45.28577043687487,13.0633585504,50.88635884509556
1,-40,18,4.846423247582232,131.13636041409654,3.201922742084532,100.0
6,-72,3,21.027617790186138,92.71641791367448,6.395848421541377,86.67742073246872
1,-65,7,56.5888605101759,94.04315700647675,14.092213315723132,62.987164292932874
11,-43,11,61.55526231931792,82.12705104778885,6.428457567085459,100.0
1,-47,18,3.9557506562613143,18.318298898234143,5.375514484985975,100.0
6,-47,12,40.30387579071322,69.52770914017651,6.608049721850674,100.0
11,-39,6,64.91539648308728,149.9282525077349,7.791791497763345,95.7576033525772
6,-59,5,69.80705464034016,126.10824717267215,9.479870161972032,67.2070569169808
11,-85,1,63.813990251626926,134.5515628542318,12.010392013750966,55.301175256731504
11,-36,12,32.05632243609246,124.36782209074242,6.781533086464714,100.0
1,-33,11,9.352012359790951,19.94104554749249,12.262214026352105,100.0
1,-55,4,42.71124464193341,37.979996839395945,8.005809920281209,94.91006644114316
6,-53,18,12.875443736805547,5.452639446679396,5.077207655519665,100.0
1,-80,4,94.76236585206671,49.00896810732616,9.869262421791213,57.32938258446927
1,-58,17,47.51708660226283,20.748073340241426,10.76583382115237,72.25317980858152
11,-67,2,31.725917435686757,73.55503506872954,8.370734634442313,91.82780536556251
1,-68,2,76.63040711189001,103.18348584321578,0.8492245970208512,85.72122069206303
11,-76,12,49.79485925822639,131.80326778052117,2.5482431274123734,67.28472132553354
11,-64,6,31.003402401245005,113.63648893818024,4.279465813353423,95.65354899895597
11,-80,10,81.19677423908017,141.09491138788326,4.239384089272397,44.12407774985261
6,-34,16,86.7152151001122,12.815252107099376,10.10131200370306,99.77994869846569
6,-40,14,67.3008166288677,6.766076135398508,0.27522992510448874,100.0
6,-41,7,4.6964422407667294,100.89402650625084,11.335226655742797,100.0
11,-74,19,56.632288016653206,46.9560994822257,3.9801371221039976,61.610148810516186
6,-40,17,76.32949119972817,41.757647335337104,4.650327693241536,100.0
6,-38,9,13.650301208358218,52.97862771560017,7.918647419158864,100.0
1,-77,13,22.867075138460336,44.1204283943928,3.2388840140843627,77.86359826291735
6,-64,5,88.24951050681365,79.15827891373016,13.267069703632913,69.71944209664689
6,-73,5,2.0121721853074037,68.8215248474992,1.280531689898479,100.0
11,-63,10,75.2727137825976,79.30213994961517,6.665735434515973,76.86130789009322
11,-40,10,47.37732925144229,102.54347366756325,12.74133404182335,95.90683017403614
11,-44,7,44.677215883960685,61.133923800816504,9.237658416318537,100.0
11,-44,15,0.7096532494887176,41.439614635612735,4.384942737639502,100.0
11,-87,7,81.93982309664928,29.099077837268094,6.311403116646911,50.20150792527491
11,-84,15,35.98249006365665,55.673747332230704,10.600415705137719,52.49652225556058
6,-46,3,54.07656313005429,112.56193891069495,14.59891115045849,74.78394391824912
11,-56,19,67.73006863356595,114.72221196616309,13.397080775691503,50.92924753362393
11,-43,10,70.26295764379158,101.7012810692105,5.136492125735652,100.0
1,-82,15,95.59800588260723,38.93408541949682,14.972968189317863,20.595109669641232
6,-83,3,53.13399532366091,90.27250564893117,0.05256995296587408,78.96938500389761
6,-39,6,39.97195509744276,87.75000092864296,0.41444633712622636,100.0
6,-46,12,95.37036264917079,75.2185987259102,12.357607727567908,73.11538774774063
11,-74,15,64.21102350255211,84.74695302566032,2.99194030249578,66.68102536871855
11,-74,6,29.81503562765556,76.30964173043186,0.9115390259436129,90.46700141105985
11,-42,13,12.646424540357115,86.9911730807457,3.5572210985475334,100.0
1,-58,19,84.25545014651813,108.74836342006367,6.391502309712903,54.85875063227712
11,-59,3,36.21816027941516,20.896088188498762,10.958494056501072,100.0
1,-83,8,66.04697213644312,113.69573406160843,9.365032898268083,46.34854465107678
6,-72,8,47.08164193658981,24.70349176850116,3.5643182634063066,95.73610708638618
11,-53,20,19.892977979503833,14.661059769504332,7.549056721508766,100.0
1,-88,15,60.16866086204651,146.53155450211278,13.893211580978532,13.380452796480437
1,-32,4,6.068306895068232,143.763806486214,12.225116654756366,100.0
11,-86,19,41.334245987119225,13.763299016381788,4.847846772476901,54.328648455068674
6,-78,3,54.661493966367104,69.27174901386951,14.733968420335444,51.562584643611785
6,-44,13,43.604697411857906,32.00551605346733,10.629306006526965,95.57118689640859
6,-45,8,74.86721752509908,75.37501008449063,0.9367403350017267,98.81983790960108
1,-60,16,82.79249545453125,125.37570023494017,0.5274106993295802,79.47579474371341
1,-36,13,77.1243074033178,142.8387073377191,2.52611923515045,100.0
1,-75,3,3.881294781180211,96.96663475047292,10.917838020752201,71.071467856563
1,-41,16,19.41287704459722,56.31632174571347,2.7560838876364184,100.0
6,-59,9,53.66075092637743,92.48220701846677,7.672301538132503,81.54591585993349
11,-69,14,93.48220404438013,50.2401893857253,1.398901802712476,65.69385171491066
1,-62,13,83.49567750521169,136.92442792064875,13.813292367452927,36.285321544338096
1,-69,7,84.25345083518016,131.20806715034638,5.159409203753514,62.58482079226142
6,-48,15,30.32081937596749,85.94360379055084,13.621980848409462,78.57889574331034
11,-88,7,42.94478970787026,52.09584273015228,14.173134628658165,43.0611007012494
11,-37,6,47.070594731593744,47.54150295953186,0.09192970970521186,100.0
6,-81,2,15.737158334991042,9.845609232233622,6.962027807980981,95.6124117080852
6,-49,9,3.1068130244456316,123.2940233986678,0.3698408356033933,100.0
11,-70,17,94.69028994605169,70.30556589065615,13.630391494543588,37.8730246344083
1,-75,5,24.07125856635067,52.14427461803834,7.776113171018638,84.74267044239399
11,-79,12,23.99489037236313,73.31100147467431,1.1241601904774523,78.72702143731689
6,-89,1,8.337905376875954,123.71700861592454,1.654150924148503,72.67755289285613
1,-50,10,92.85077519437786,23.06906011759057,5.752635367391086,95.30356206455495
1,-67,11,57.9737114939772,129.36011829506498,14.103512893093342,51.733227696904535
6,-56,16,66.70368571253539,135.13878109071132,10.393637273521213,53.424230173663155
6,-35,14,91.15768872630525,142.27264767991377,13.014282992836986,81.15880973474519
6,-61,8,34.56201689007895,62.63575890128103,5.496849695099694,100.0
11,-34,17,62.15073111380841,36.48535858546242,0.6482054932499748,100.0
11,-61,18,3.879945472888746,59.17791867767128,14.614764558066211,69.69214680573556
1,-44,12,18.677252823112934,53.272253953553474,0.2575948599355432,100.0
6,-56,17,83.12458050899426,30.542317312914708,14.214774796216336,58.779886901737804
1,-72,14,76.67683563383358,93.05366716471575,5.53016135773717,58.82048752980038
1,-41,16,35.06426914571469,74.11050327375119,0.15135607532822282,100.0
1,-83,14,37.681062777421246,130.52664388698054,10.337358475867624,30.386429882668367
1,-65,9,53.35544335535795,9.655889169898447,14.708104560470312,74.59235324462793
6,-42,4,0.02410046851345493,98.36084949549333,14.484385842563889,100.0
1,-51,11,24.124433603802785,115.62758738417637,2.4140551680362767,100.0
6,-84,6,20.823180860821445,115.12555253230452,2.7187170909923246,66.93188234729489
6,-61,15,25.048294674976347,133.48072522885113,8.483083719294902,68.24322294003272
11,-84,5,80.59058425334413,110.70989271027663,9.559572396424866,50.688119804505604
6,-88,11,27.967385654644318,139.53245893891597,11.091268704987984,38.277655568169784
11,-90,18,19.152132205014816,53.23520697402926,2.7157554070822125,49.39780549060475
6,-55,13,50.42634607930315,77.96536542897374,14.385106301466518,64.35381320889971
6,-66,11,86.56450363727319,7.041551176019148,9.581088844338568,67.44394978248307
6,-54,14,24.134970383749987,6.008850158977226,12.705703783058322,91.82674273088259
11,-90,18,7.853624279279869,39.818359965470385,8.100985729262577,50.65336755149817
11,-76,19,35.64047358496647,19.617043585167362,6.214152713848239,59.80350811497246
1,-54,15,74.76518245649778,42.73064835068428,14.65774359892494,60.44757250735124
11,-78,9,55.06905446947946,30.671277706617623,8.731820562297541,66.47632062747158
11,-51,8,81.67933695743474,9.135403601603993,13.003103741987683,86.09434740747456
11,-83,20,95.9592147609234,136.84910122887717,14.299385945494349,16.070138671687566
11,-86,1,79.26624767516171,6.192354051389271,10.130319405129889,62.4769644460568
1,-31,4,60.38030788437534,111.73191092887738,8.234080177780124,100.0
11,-82,14,49.33415880523805,27.061443603329895,0.052662763659759304,66.25000024034978
6,-90,2,4.006908634826667,137.273295189942,0.6002946110850899,66.34062464282331
6,-55,16,98.43219788140412,134.45541124053344,3.012768240766745,61.597676699407785
11,-56,3,38.348112257504255,99.81566622354231,2.790126477839929,100.0
11,-89,8,15.222821391686681,102.47395172108774,3.82138192799768,71.16094598638747
6,-51,6,66.67088553964568,5.774175585604839,4.574019565464912,100.0
6,-68,16,28.428828909545935,147.8063770864723,5.400982403260924,60.01704125432304
1,-82,16,58.57782709310476,132.2857275184931,6.308065351033148,32.65164884582104
6,-57,7,58.67679078445912,134.79040273086335,1.48299507684022,82.18805250498335
6,-45,13,44.572982090286914,100.59045787237643,0.6354289792917306,100.0
11,-77,13,83.61186155450426,54.994104654907794,10.109166736095352,47.84468695575788
6,-87,5,26.496706155544302,134.57905411811973,8.060022372646166,53.221360511473
1,-61,20,44.86325916177341,47.26995458192289,6.662163033301795,66.16908326984775
6,-60,18,53.76921285909715,86.59317378461941,9.516599117525285,71.73530589162553
11,-53,15,66.36247207672996,19.46099098986295,12.415191108053108,75.0430674259845
11,-80,18,78.39718505055895,138.68356636924878,6.415393636743069,34.43551363256918
6,-56,2,39.480728287825606,25.411716376825932,9.616791975779691,97.61166949373671
11,-83,10,64.6046944096596,37.61003683090905,14.30358335752738,42.0475282097938
1,-88,13,15.061095306851913,85.92945292859118,12.594367437923411,42.51344563934445
1,-77,18,93.26481005424786,115.79348503088232,6.390012157536142,36.770126506999944
6,-31,15,38.305880642100355,94.80593936076335,9.670752567221145,100.0
6,-78,12,72.95214219764384,38.659417356022644,2.6560638287390965,69.52353664995131
6,-46,15,2.0341081882177647,5.1367411664860985,8.407832773426348,100.0
11,-59,13,20.5187142904807,114.78683414457869,14.719924367076642,66.89931059873801
1,-57,18,48.7082544323578,147.85506225710859,7.774726728037834,63.264012014669966
1,-46,15,87.82524677323465,122.43740244438311,13.91457448785221,63.30729238530477
11,-72,11,52.72551499506771,71.72995963270922,6.11002380754891,69.30080577782476
1,-32,19,92.98704822938791,136.04625290287046,14.982672407769467,61.11489132211652
6,-53,3,48.37968965827963,64.42791260216075,8.688300528413368,94.17529087773438
6,-75,7,49.044909673594994,81.11544221530279,0.6340349135390183,70.73204549280504
6,-89,14,11.974678850053188,74.18381627237407,8.801321950370822,52.563786495115444
1,-51,14,80.26562441522198,69.90546153650112,4.1185904351939495,91.14888134400744
6,-74,13,24.69654124670625,117.40266154761633,0.48721983053842066,79.15877725121474
11,-36,12,89.9612489372315,81.38149155407633,12.31279957041995,89.01081470404804
11,-57,9,91.0824220330396,50.92398269365633,4.1359445547113385,76.7533118896784
1,-49,1,94.33101118741497,42.432934310479354,11.948228310697477,88.72229797625307
11,-31,19,52.023048910309,10.47336096027784,4.323263744338004,100.0
11,-75,11,67.70937847836443,89.56329847304167,2.9148953081066145,65.98596000719839
1,-53,19,77.85158800616635,38.34440523314996,14.609033611566412,60.353633924592984
6,-31,18,13.10146186504656,26.47941869237555,5.424679916325293,100.0
6,-89,12,60.09571949974972,99.80534475501327,9.020643171647407,35.22224060694201
6,-89,1,3.4297901303311673,103.77534238412458,9.149722392217074,65.58065865312119
1,-65,19,49.75660833887259,114.06245937736156,8.407102232602528,51.941947879312494
11,-78,20,15.48426816202274,78.01864996909576,13.72043615281822,46.29531808910147
6,-35,17,18.29229259620847,134.63791775456355,10.116616070503028,93.34414900335538
6,-44,5,36.50475666926015,140.76969924274303,6.055995061573952,98.69312040802247
1,-60,3,43.243716671650304,122.06878626991096,12.93570576786411,72.65234629177893
6,-31,2,62.317242453218725,97.16105489118715,2.715943486739466,100.0
1,-57,3,7.442841843851566,49.03953827072236,8.163551364156262,100.0
11,-52,8,50.36917612374447,147.52701363493208,14.258255579156346,70.1508027733374
1,-88,16,18.262513025310113,44.749744242831056,9.380964448206191,47.429240116007186
1,-83,6,57.397517503174186,34.38525368861251,12.254526757123143,49.14046193285515
1,-68,13,63.74046122611835,69.1123464990545,9.803410883177893,64.91862390140435
1,-77,16,55.67092565528539,13.241882753296327,12.590562953068355,47.255099496930555
11,-35,16,73.82955104783076,146.88169737740967,14.167318197678654,72.67558194136687
11,-36,3,33.56092442409013,90.3228656803816,4.093825912991052,100.0
6,-64,13,76.5106591633131,85.75805329130542,2.544916218850783,77.16261143302086
11,-37,14,43.27670817081937,100.09046058545938,7.259861254988099,94.10626112092417
11,-62,8,48.41844983225968,77.06842892769497,10.527936402363238,68.031699216292
6,-52,12,64.81021272610714,9.64920997870853,3.407868797733242,100.0
11,-38,8,1.835838399922396,93.78513688185753,0.06152175645250613,100.0
1,-52,9,65.39942214202483,108.84521215868244,5.14402673755058,92.37804290375524
1,-90,1,61.858514907211536,65.4286137904877,14.532890032016827,44.3666144654152
6,-74,6,30.984711675327993,114.80785795032297,10.4245119090877,65.21054341556346
6,-50,19,8.579428489948949,37.91518840407099,6.019881659118359,96.09438539045362
6,-61,11,9.093544991304114,37.085105704596685,2.888641460202605,100.0
1,-38,11,92.32237469852286,28.405463214698223,5.341345106321205,100.0
11,-78,13,68.92793212258371,58.939240169428466,2.5475914995187194,62.3390243261188
1,-70,11,12.710261377074039,127.81674513141711,1.5945873196942713,83.72594448870538
6,-72,18,35.67231693089064,125.04724901161433,13.601135588588308,40.20964895368014
11,-38,15,59.248299390159644,60.50951015470805,14.964755075632103,84.78355416078432
11,-72,1,83.55717050906487,90.4222167171343,2.4617165939368544,76.56358933862595
1,-34,7,4.366092871300853,109.51836588886276,0.8178383831741959,100.0
6,-66,13,23.663313147000885,39.97498232106333,4.945966607193185,81.8180048230763
1,-69,12,88.97489902953801,29.380457454738327,6.9248877114212295,68.72563132930803
11,-60,18,0.9165550183816484,145.9539190157851,3.072318706137817,78.13476358974302
1,-74,19,20.13991027938874,94.54581041539468,4.521373676978377,49.54893926318421
1,-36,15,95.90241759729659,147.30527966588127,3.0130610353748652,92.42677268303555
6,-68,8,61.34018465221711,53.97461813417322,11.61390852648677,67.54963765152543
6,-59,19,26.167136663750647,106.93959649624907,10.688669148708911,71.47330306921289
11,-81,10,6.699109439584761,37.27752729847947,9.524272736414726,71.35066005795747
1,-81,7,2.8191340447222157,42.874024834717375,5.808267856188071,74.1542090696842
1,-55,18,24.474507963692727,79.22580758409548,13.635614119713539,58.57789042838552
1,-83,16,88.14858195889104,51.34462819867033,14.5429881230253,21.97782211273641
11,-37,20,41.59136542975095,29.305126756884746,2.60458968938118,100.0
11,-39,6,72.0333369165993,43.11770178845227,3.3451896211781706,100.0
6,-71,9,91.82850353799577,10.183517197550373,7.884465420005545,69.00206103440952
6,-59,13,40.80404616028166,107.14142511423556,1.3687585392336792,94.35870010481943
6,-41,8,19.127737103739705,76.35691527744993,6.546725982346692,100.0
1,-77,16,51.71179308569195,18.665244628656215,8.726868971665652,63.24484901284951
1,-41,13,90.80836870598544,29.895629003631225,7.831103567059997,100.0
6,-63,13,80.43744141377006,19.867508026333383,4.963628746170391,69.79208539311072
1,-45,17,6.582984336315379,93.8259572000021,8.136687091158102,100.0
6,-39,20,69.25728000775818,18.6605027238116,14.382014313882717,82.78986842055502
11,-38,5,57.18975224589538,114.37093829010634,3.0902610643706407,100.0
6,-67,17,90.74631763464255,7.97408330145672,9.822470375910054,54.24788678215862
11,-76,9,12.248141685029722,41.15948925940435,0.6509504123407778,99.13837542976022
1,-69,2,53.40361132046566,134.14666800432653,0.996246067221524,80.8053431885972
6,-61,18,87.94626935118923,109.18704112772568,8.277423363353776,57.040989858206025
1,-87,9,41.0023786741743,15.58040827422472,1.574087704919242,78.46720606002758
11,-78,6,48.19949177328671,124.06328515035106,0.33520182640286,69.19939349045885
11,-32,11,7.046067766695829,76.4900926233297,2.5726949647203328,100.0
11,-68,6,27.814364044891082,127.78353893948024,8.472737564993617,75.49104541895558
1,-83,6,32.45066491689473,92.10726729530704,10.550114317783986,59.640478092267415
1,-73,13,94.51224487448869,103.86578964476452,3.0371784621207,47.98210943374297
1,-79,11,28.266736054115903,149.05772625737768,10.023891558122617,57.81552394666197
1,-36,14,46.0868735269652,38.68865415898264,2.73714496648844,100.0
11,-60,2,67.13044235642798,95.4721083404013,9.201861399468857,88.61728252472474
11,-77,8,16.21833724078774,71.74660155832277,6.179395198436983,71.4507764695222
6,-57,3,48.64423871418745,10.720533173790258,9.806992640004252,98.62193105113768
6,-73,3,73.85390394759077,7.09824301791543,14.925791287188709,70.46397520546482
1,-35,1,86.6855213027066,22.288143783589508,14.06725447848843,100.0
11,-57,19,62.62592746624267,99.11830237808948,0.06422636754155442,74.09089879607227
11,-80,18,66.90535153169479,87.23864774744187,13.281581465434586,34.077062869375816
11,-50,17,12.628347258456895,85.24728636874048,0.9973619276214979,100.0
6,-79,20,94.57764972463471,9.619230566597713,14.295698792397674,24.831538354831856
6,-42,13,13.257407748448236,73.04893447220103,4.227385186495271,100.0
11,-76,3,77.46729371817983,139.07030858716664,5.730522456169064,53.32729722880172
11,-34,1,26.481632177831884,62.65082105004376,1.3745730776359177,100.0
11,-60,4,93.35931437012516,95.61375811932616,1.684091374933644,91.34493806016245
6,-42,13,71.99595393694796,118.07370796535581,10.901108478439795,76.31990694056702
11,-33,17,75.38137129783689,118.6691654755737,14.164983536224375,79.24341071015265
11,-62,11,21.905917305988332,80.29561194731434,9.161227424314642,82.46210442679295
1,-65,2,44.30399766351608,129.40303208333876,10.737750232902165,74.10267395620222
1,-73,16,61.78131945892864,61.74982353774331,11.429546168957302,52.995106959644545
6,-59,2,76.99736182066009,133.86051614379576,3.9422141182941255,85.84534992338915
11,-69,19,10.395937591238958,39.83293912735407,0.6784444638032239,87.92689114954973
11,-53,19,96.23653164545284,45.6313790136328,0.02809115878752877,90.67233730645634
1,-74,16,89.0220670554556,12.70249050885516,5.25973924431028,64.47306222131647
6,-68,19,27.034859049558435,120.35936629863102,3.6219634229882414,69.7735399009103
1,-67,9,82.2760243032332,65.4730092537423,0.9347658757377847,76.09461277357089
1,-41,1,51.832392303982346,38.22190901715286,2.692924387405001,100.0
1,-83,10,46.18064815620186,38.609590254404054,1.867483474019217,67.93593851990298
1,-50,19,31.44341058114054,135.7029914782388,13.723175709260556,57.43027231556781
11,-85,1,58.096858663159246,125.91790706685035,2.1040082018875337,66.52155113898273
11,-86,2,72.98891177035978,85.26197837679157,8.064726959815188,50.11254544800299
1,-47,16,41.09329049627583,94.33606606027956,8.896589326682468,89.33617740772405
6,-34,12,62.92191930082921,73.7772077297922,8.152341865629506,100.0
6,-62,8,69.93129211553037,61.791648717427286,1.4858465132398195,82.36360545486646
6,-63,18,71.11218170152858,137.74414777665805,4.781975426258268,53.25486885771817
6,-80,2,5.196609813118025,23.213842010443802,0.769054986947299,95.38172791166934
1,-34,13,85.97478056850669,65.67478450885305,5.9350487114447406,100.0
11,-90,6,45.82533147650479,54.96147665824192,2.82898396907388,67.91735604333388
6,-48,6,26.241608169621443,77.23185443641651,8.424487999265697,100.0
1,-72,9,24.176450747968158,71.35662180905038,10.392125907736508,67.61934602284171
6,-82,16,48.301411284395044,80.2389820894068,7.981797903070597,52.02608669341472
6,-64,11,88.68315394689591,25.28825169791414,6.513550449170936,64.18458699726557
1,-57,7,37.83475816826469,79.40551771942518,5.810001312850386,100.0
11,-47,10,74.97257467835433,40.150728013645576,12.625376521455056,83.86205261967702
11,-87,10,9.68187309872186,31.728045603287732,3.2905209759790512,74.44873788230433
1,-55,20,47.60567021510618,14.400961723997728,11.013275092933032,73.2750713131572
11,-73,18,99.16861403927356,115.58462101964044,11.362234871101785,36.26012412272757
1,-76,20,77.0437802792337,66.97907852420119,6.288000109061017,38.76130044941306
1,-40,9,21.0528488440613,95.86333408020496,4.45950898838459,100.0
1,-78,15,50.14414736979107,110.50103477918779,7.058122290689629,51.30975661859479
11,-72,4,23.362476364856654,103.50091647046526,1.3982088883904775,83.38281182200924
1,-42,8,40.95609272625092,73.22260426800393,0.6889504834363497,100.0
6,-85,9,78.00840237349648,61.245286698000825,1.6740479917783768,59.72211775087786
11,-43,13,77.12248152904037,59.51418689789624,2.8071754719333923,98.64457546576682
11,-35,9,22.810037790238514,97.80707555485817,7.562652305070645,100.0
11,-79,4,92.22233181548602,76.74518146657164,12.737049542416832,45.40922742592689
11,-40,17,59.25681827648268,128.12417595833404,3.534634979995305,96.64580573536948
6,-54,16,37.992429096201455,131.83178772737324,14.027430161201671,60.158675360049564
11,-74,15,50.19355807808606,29.731254810945178,14.32361863402505,56.43681596315134
11,-33,3,60.50712534377437,24.75387947413022,14.383569072678078,100.0
1,-68,20,55.98905318457854,96.40813427521992,12.563441020144857,36.5550232199154
11,-65,5,48.64050355361782,48.677733469030514,5.457375611965809,100.0
6,-62,5,50.49328040894001,7.692754220939335,1.0902586650393458,100.0
6,-58,20,17.641191042788616,133.8531870576285,8.532280976497423,60.29260219230293
6,-31,15,81.27329043046794,37.9006112503522,8.380221659058506,96.82587267785405
6,-64,18,54.176031994101535,139.74569449444232,12.749636506643933,49.570382083065084
11,-66,15,13.107986170470308,109.02799537734678,14.939865764191577,55.082550049096966
11,-35,2,76.61571015827779,115.58475603716522,7.622359598402213,100.0
6,-36,13,93.24439783773508,34.21191689000826,5.178060465596764,100.0
6,-81,4,94.7306899236962,38.95819171443787,2.788525673344005,74.76126183857116
11,-44,10,36.901773241117276,80.58382430448954,0.07199737226056102,100.0
6,-68,13,13.551687356075403,29.954478634230014,7.636705387333188,95.46576448534341
1,-70,10,51.839962663306515,49.28759543903968,8.332780000538936,72.65011288751072
6,-70,9,11.260922934922068,51.612059302431646,12.374077197260961,80.50372981117442
6,-48,8,93.39874185126172,28.146340321650793,7.568654518392009,99.71725374167498
1,-78,3,18.357962735514597,34.75151084229831,13.747025229990848,72.42149562850473
1,-54,16,25.276585995116406,119.3400170911972,9.421252148571533,73.20249171029592
11,-58,14,40.663652688497045,29.243398909353914,12.605043573316248,79.29730948767293
11,-67,9,38.31644685591258,9.12632181736876,2.2245260221162066,100.0
1,-47,11,79.4662892397889,96.25646668119607,12.830041954534721,72.27194353817127
1,-80,3,45.631682055096235,146.51755231190523,10.127157816657725,54.691825335877986
11,-74,5,17.07682600033369,53.0260031203526,2.553495486574958,100.0
6,-87,10,26.72098954860741,22.205076963456584,2.846453372190163,83.24582301929773
1,-44,13,50.9113385187522,87.70616217829196,13.89750928566332,86.29306907398862
11,-66,4,14.745391742613489,136.4213606088687,0.48323040675559314,100.0
6,-61,13,61.16556756460141,118.68895807512942,6.938024149435591,65.18234504267677
1,-82,12,56.57473065511459,95.26480091984382,4.702129349011523,57.2717497605182
6,-70,5,71.47023163822577,50.68319200810191,9.976161599976422,77.77023763218179
11,-71,10,93.77046153793677,83.5726251250519,12.594440813534879,42.15094255482827
1,-72,9,91.22545611011557,18.23050198911703,5.405671823348543,69.31976646718141
6,-72,20,94.60756180688314,103.44708652069714,6.403531309842558,48.31350775966577
1,-79,7,24.471559702370094,110.13892274015937,14.728766767521213,45.728243849406454
6,-54,2,13.156530663935461,144.92958532193822,11.758747645188041,84.94828408207077
11,-49,7,30.22767004964485,42.75761701803539,13.45806196397687,100.0
11,-74,8,89.50851727663147,7.6761807612382835,6.581433309774446,76.49239307200969
1,-54,7,97.20534746234883,84.11322734193683,3.511143059761728,90.91999413351765
6,-37,14,85.9324951070476,107.4846231375381,6.1779519807967755,92.40972501778468
1,-43,19,11.00177211275436,119.60908400303326,10.741378767472703,83.53281430838611
1,-52,5,94.74279980597932,33.092145288597536,1.6414560725396898,100.0
6,-63,18,42.3358027350786,42.95416601036843,4.057036584247633,88.15788603318758
6,-50,20,0.9310290762353679,79.32568416375797,0.6995385069238558,100.0
6,-56,12,44.23937407481936,52.937117445650266,6.485216075071973,100.0
11,-44,17,4.606916967546759,129.77416555517954,12.4116860396942,79.76906391724681
1,-43,13,54.387792116111754,73.69522229211444,0.369955324470162,100.0
1,-73,2,33.855402743705135,120.93890339479043,10.12985290210749,68.67031466232059
11,-77,13,47.343493359404874,89.1898652699413,13.987438117706095,37.48506291843373
6,-56,7,61.3170360743117,117.09807053448124,3.5539179226677344,89.53277589086615
11,-47,10,86.88010958178202,53.23758304689696,10.404522610914722,88.17193643399271
11,-50,6,66.19015764719286,125.55541017989512,14.626528516503004,76.98724292797166
11,-31,3,43.40488684781807,44.81298575489813,14.434170902286947,100.0
1,-84,3,81.9427853670365,84.18432716047717,3.5239378954371494,64.8611161419128
11,-50,18,90.55821375731323,36.03103141021176,1.5049657981810305,95.69654427117594
1,-78,11,11.975996643219721,73.95134563579803,2.2242380684387393,79.69529408844278
1,-73,20,53.19329775527915,51.13540537876196,10.530535027232132,56.76057270216462
1,-54,5,28.451195974244413,43.67199744239606,10.886383131799134,100.0
6,-78,19,4.706119787694741,145.21282761406545,10.113548424422985,45.369874717000286
1,-55,19,66.85466951139854,28.21074529557594,5.041175816133571,77.50907411828892
1,-60,15,86.27707774592255,119.16224643132232,2.546654096371832,66.21906029219151
6,-89,16,16.290265447739404,147.70391912506616,8.711416379283797,34.95868452676345
1,-75,9,81.24136576239005,7.885715142311286,7.255206686367997,70.77887809157303
11,-82,4,85.33957335369416,106.35897503610377,10.932512206834552,47.93836166441364
11,-82,15,91.43404426664836,41.67221180566163,6.620401180284322,47.05084320807022
1,-53,12,26.528508908605243,10.870734527604144,5.079595420297026,100.0
6,-80,3,90.39530651898893,63.418988948711466,4.402178660385216,63.40297550116496
11,-37,14,32.06627547364322,140.60658247477687,3.172054800746198,100.0
6,-35,17,55.23380134555028,6.705938683214665,3.9861956427999212,100.0
6,-69,19,5.050747083228213,90.24342532981835,1.4224565826615203,84.15552929153593
11,-58,6,4.388108836874361,77.70248939632202,5.202855163933343,100.0
6,-55,4,72.03732127322029,131.64070383380187,0.548547185444373,100.0
11,-46,7,44.4479977977791,17.18024860549072,2.796207707494902,100.0
6,-68,19,25.629237536921757,103.8212743335643,11.201556669291437,50.975060396735444
11,-46,17,19.04134960249102,103.61590627282521,4.88203483014934,93.49428147632489
1,-46,16,66.9953490859218,102.01660244503107,10.023555254660158,76.0751287385974
11,-57,15,0.04015440253398728,141.63850176558037,10.75326263395916,72.22763138306573
11,-82,8,80.58911691968542,124.34769170599766,8.717780140981702,47.40638043547629
11,-67,19,7.924960612992882,11.086045305308371,14.380466120480976,64.31830372158262
11,-83,8,19.148961490811946,73.30701335215441,0.32159799934669886,75.95990304465587
6,-84,18,38.62363952990896,62.70319314919335,11.079789758822132,48.691917521652655
1,-55,16,48.48587397161036,49.9713470581663,14.38179965910612,67.3623539747535
11,-73,20,35.49951158139418,70.4438251473441,12.93407594029409,45.858038738213416
6,-88,19,32.071216498429386,60.70815681426673,2.5183903770751996,53.9958057228193
1,-63,10,96.39160120731884,67.68841548240647,4.902304593775981,67.66076259365329
1,-85,17,64.15796812433942,146.99297051325317,2.586777598146981,43.415426043148564
1,-47,13,2.343295536738821,17.85178133868921,9.019625457220561,100.0
1,-47,13,43.01759084443132,138.72347612661582,10.682819729692385,86.96336146991894
11,-70,7,87.50086997439702,74.63432345329888,4.756106540445873,67.52131122142369
11,-63,10,30.145618641066797,95.44262559743346,8.092598609764432,79.85763324297024
6,-51,2,9.455634477438824,125.3765301595656,10.363808551067924,100.0
6,-37,4,75.83847715899178,57.26713922664205,6.320097249165725,100.0
6,-37,6,60.60138319360813,67.4111766727552,12.81023295683189,96.44443804413508
1,-90,18,57.03125078265039,64.38017964041353,11.573249029317257,26.492844193101973
1,-55,6,5.357655960740793,59.33599826768518,0.9699831577585599,100.0
11,-70,17,14.049900979551733,139.20175163879978,9.316879486362435,57.26517339255184
1,-31,14,62.25493962131138,125.19483422298676,3.5298832643962443,97.75402780983907
1,-48,11,20.782384145883583,20.804998530131535,8.36277397000913,99.60017207253819
1,-56,19,50.40700797484243,20.677886109178925,14.353326639494494,71.98265539312355
6,-78,2,54.488168602939346,67.04107965368372,13.185930068283753,58.615743488671185
6,-34,3,28.35071902709394,19.305319626257315,6.067746046726976,100.0
11,-42,11,94.84251555414929,94.76849881431235,4.372707875165301,100.0
1,-37,6,84.24641068355751,25.835283052951418,3.516086166123885,100.0
1,-37,14,72.23735076327985,80.74412327518615,7.987723046347801,100.0
11,-81,19,7.7993866409409085,6.046892315539074,1.713726798870845,75.18445553308807
1,-38,16,10.613001930901945,50.906470519833775,8.23912512192373,100.0
1,-47,7,49.27813458649557,103.19265493253504,0.020004592361880236,100.0
6,-44,8,16.071334919098568,75.18564633303802,4.857744461187672,100.0
11,-38,19,97.8265463529474,146.8490754698533,3.299014707458719,80.51114247586817
11,-81,20,15.852023402740944,131.74505042960055,14.568281849411731,19.66612091148749
11,-45,16,48.746783546397396,57.06526296125693,10.908634793549684,89.85048881085329
11,-78,7,36.41210568415054,11.595548513479816,5.244800706933566,84.14185269534907
6,-54,9,63.938642145409794,127.61581351667773,1.3926762979593077,86.53100576903113
6,-53,13,12.90364088894249,137.12897499562735,7.75200892035936,80.98962930202798
1,-67,1,43.03164280423909,123.99097204576033,3.2017182198906347,90.21651883686995
1,-89,8,27.470503280714365,23.552741433365906,8.046443188475367,64.45531566410571
1,-69,4,88.77515246716881,149.69769448978172,12.530435312683387,37.13737066997676
1,-74,3,4.058571213469508,42.494712125152205,9.23688828152078,94.10298107743724
6,-55,3,91.37274940064593,110.00971235721366,9.506826293175033,76.6692133408315
11,-77,13,83.29941385530005,136.66505706867963,8.115454335942172,31.88574188199782
6,-81,8,29.757071644081545,39.174631577952866,13.908984489471138,62.37190113060407
1,-56,7,78.92906546771047,136.69749042817458,13.97854026630905,61.98793963913583
6,-66,1,3.121356033874756,49.87482898325571,7.690848016103283,100.0
11,-88,16,96.68655502933936,146.57991724568814,4.5863923071525665,25.258350356405586
11,-44,6,52.65949425897893,45.782702955168816,6.893805088191659,100.0
6,-53,7,30.328102606544526,143.2481945898861,2.7983686829342354,98.4703580691117
6,-74,12,36.25832125946771,12.763974379437862,9.54516472977134,73.54405787145541
6,-79,9,6.640535346049736,107.84444169212289,7.501385036733498,64.79277354215549
1,-37,11,98.93495140420391,82.15611440636553,1.5495071671991982,100.0
6,-39,10,3.9291945150692453,74.29217618279594,2.9647167167942303,100.0
6,-67,1,65.49071231478591,37.4066755670968,7.194479342992902,89.00492269303105
6,-62,18,44.273592770645834,107.31138951759134,13.313834860782874,52.975061898479105
11,-48,4,94.89162181887151,32.66737625971453,8.49586080946646,100.0
11,-66,5,24.599974030679515,85.1620604177914,10.223025003127063,81.3602643847286
1,-55,9,53.20868239380113,41.72057764083637,5.085428246158646,98.84405589081592
1,-33,17,48.2356208582753,143.56510006829663,8.571170895663514,89.16574042660497
11,-31,3,70.28664440501014,9.151523106169659,6.710697339571011,100.0
11,-65,16,6.801023195242051,33.9606006161293,9.88694868934741,81.18089629347571
11,-53,5,19.378913002335484,40.13503792617992,0.7586334911851556,100.0
6,-90,16,21.456482009284983,65.03983473633338,7.3995032435843875,43.1852536150256
6,-71,3,73.81507548416897,38.745885071157765,4.4398893771595045,82.86548476601415
11,-36,20,18.913869632674007,76.24561808897386,4.892775919168638,100.0
6,-63,15,57.349176389097664,131.50750087248815,14.413761473370922,48.27012284192484
6,-75,3,21.52438205009537,108.24919610432977,2.7404221906707416,81.86959005952174
1,-44,20,86.16249500839784,89.0944871775911,4.668678788678954,87.49061593257646
11,-74,14,94.21854544896385,17.90546080748855,7.648388635963077,48.170514402708335
11,-51,16,51.84929749422405,105.62885571644496,12.945404222244354,72.0239625908073
6,-63,17,35.23088842091783,29.13007122508628,6.250051248095557,74.8966045348255
11,-33,20,23.405777501749913,119.02327096444621,11.157979213322566,100.0
1,-79,18,4.978100152304377,41.258229983972214,12.845611473222036,45.35251888335589
1,-64,18,26.85000761974954,65.47206560653063,4.650245337327734,84.12745083879129
1,-37,14,65.42357799453178,55.81817933609955,5.891252753080649,100.0
11,-38,18,53.36169313092108,129.52801762785424,5.348343355325344,90.10067451324718
11,-49,15,94.40412782809274,23.34894651344418,12.492837129268816,75.53793508976136
11,-32,15,39.62772624917006,87.01850794579435,0.6652029293040174,100.0
11,-44,6,69.38633423283946,25.598933369244023,4.6263163324302,100.0
11,-61,15,48.93227474751214,107.19539623916707,10.191128363926948,59.526426523550164
1,-50,18,51.25762159242117,136.23632853019976,8.48165249348014,74.03486466096889
6,-57,4,26.777431460411748,68.01810981075175,6.544340389405415,95.07753011622546
1,-54,8,45.49507768419997,75.7733777384215,8.099223408320766,89.34063163558483
11,-85,15,47.07849970127073,139.47631129000052,2.9637687874247742,60.08482557712989
1,-84,3,70.66425217489339,80.54375135415678,6.4607493241201555,55.19081078196641
11,-59,15,94.06399991861139,75.70177351718634,7.525544762645236,70.51665842627749
11,-59,13,32.93212774825043,88.85771989212411,13.517836829319025,66.17288257691166
1,-38,9,4.2200468581298445,104.93831177262803,3.912527442059645,100.0
11,-66,2,49.62951255006397,20.49808938761955,13.017427532473988,87.5548318423742
6,-58,8,54.446133214916856,124.06102652251982,9.66362101238973,80.49685436902809
11,-36,20,16.844055113191526,68.14822898072259,0.30511246601401476,100.0
6,-33,17,76.04646062760668,15.490533935135403,10.869470053490904,100.0
6,-84,13,98.49291084414916,118.9964870337409,0.5332781632358263,41.21406008450402
11,-39,1,94.57747170084609,59.65774589450945,14.960716902207196,98.35663845419545
1,-34,2,19.71060388236522,19.55328678878282,13.089550315367967,100.0
6,-79,15,87.53632399007607,96.89796073377133,4.460156213100685,39.75107186646683
1,-75,12,70.44936364116847,132.61904624787803,3.861168452950581,53.34310397172941
6,-75,14,45.384656380691155,133.72425886502802,5.721616231584133,54.95953210809679
11,-48,2,54.0610994324729,143.8612038473011,5.342504479716645,99.45993038970622
11,-38,18,84.9600174982458,130.81729166616975,5.585067275780716,95.57188715123434
6,-55,7,48.01349396383732,5.310433305093907,4.774148191792206,100.0
11,-78,6,37.320736910512686,60.13496912994158,9.317001102724971,74.3126905381328
6,-84,14,49.32474930259858,123.68867408629794,2.4639549558093594,54.66990071553087
11,-55,8,57.91298040350491,58.10668586977876,12.689719386690198,81.3570025727552
1,-44,2,18.907765377834885,92.22453342505739,12.18603726046973,100.0
11,-40,17,90.09077302669907,92.91595736930714,7.147248117829056,79.90414030031219
1,-82,5,67.41869488296139,57.928669085629345,12.790949479178215,48.384290461976256
11,-59,14,63.326891733748894,136.1487194557867,3.7071760504543994,63.60291063755464
1,-80,20,9.949622618063813,77.96811008098705,0.2634818355595042,62.273087033220534
11,-83,3,60.41739381725918,72.39370986093762,9.288118875447346,51.94797473883167
1,-58,5,12.096066223849233,149.6394931209749,6.868641104470731,98.42215228283858
6,-68,16,7.869767519539906,76.55755279052941,8.50746819443806,75.02630077460059
6,-66,18,52.73108956423933,30.867746529644254,13.490091135276046,60.936753853268755
1,-35,17,40.2785534046495,79.39506631519852,14.548883603489152,92.36749425228928
11,-83,11,58.88102701562232,123.03242665038985,9.516797096334045,40.52612317253868
1,-46,17,8.92221680572386,117.64474740025081,11.460833847786576,91.80446765360396
11,-69,16,43.09830628472584,119.34435594072829,1.257126502307464,66.9557037544357
6,-32,2,17.4786715045158,107.66344867969721,2.410733773372584,100.0
11,-87,4,98.71000859241165,41.861585214669795,10.99807207429465,48.38241006022793
6,-51,7,56.11502124351744,130.00219244683356,6.4704818458200295,83.2239059711749
11,-88,2,68.74368609408673,134.54930247955843,6.6894790560660855,64.13566947312513
11,-62,6,32.541828068260784,33.152141009689615,4.629115224531549,100.0
11,-50,17,9.473891477934416,23.916067299952118,9.110345752166157,99.03337278406921
1,-62,7,97.58708627835367,146.46272044542124,2.777475681243039,77.46325915948691
1,-57,5,28.62590353831832,130.90697472930333,9.403744189708434,91.07476619165917
6,-57,5,42.38081851735742,134.51924134544228,2.606982857028595,96.30333355176941
6,-63,20,64.9863921702575,133.5245757705373,0.957390520645704,64.86058174105384
1,-78,16,2.4697297686111286,83.54458948489061,4.9553653304859155,59.81940581940191
6,-76,19,81.0259130517287,98.72825181654096,3.467105130147715,43.51774481504137
1,-31,9,53.65781900286203,84.07761355937804,13.334874578344985,100.0
11,-68,5,27.821718706882216,12.424920632597715,0.824301808029399,100.0
6,-47,8,6.160798529246925,113.09794737615204,2.6492053886118425,100.0
6,-65,9,16.249841547444145,78.27314483370264,8.230794083745742,83.63247442947545
1,-87,5,89.50338588534369,98.91781584458332,7.216007862712105,37.51803285939804
6,-65,10,68.60242239358911,77.88277172145261,0.6877802756205231,90.07507024602218
6,-51,2,24.990172163688985,76.3126417367561,0.10878642022716711,100.0
11,-82,9,6.560076494502953,29.90942087427619,14.821019129417248,64.82275235067948
6,-36,11,69.06153123866363,45.4134886954666,9.882520505382573,100.0
11,-86,4,57.24077259677651,28.03364033187359,5.481091963523353,74.54450713336104
1,-35,2,40.4519524458235,33.37161286567465,7.0564837149486195,100.0
6,-59,6,36.361144919006385,146.0817201609442,3.998251806814304,89.77671370468053
11,-71,14,21.68142759291083,27.20144963696877,5.1731067553981465,75.39452868420506
1,-41,1,66.96112565375176,44.04421152425511,9.73566700902321,100.0
6,-80,18,97.06680277938705,90.63550037209482,13.24217698301056,23.78100028483815
1,-76,7,17.571524583682585,93.47589355431307,2.7619503462177732,74.33781257400653
6,-59,1,59.71166200155034,27.326248812855216,12.60542258077978,92.3093173906849
1,-63,1,42.41850557459762,120.08902673885578,1.823349442774036,100.0
1,-69,1,44.668872174466486,118.85441584735963,3.2248833538258683,95.93046157069097
11,-50,4,25.41472801278144,39.41106710956421,0.5576293207446897,100.0
1,-74,4,82.5134875661419,46.85661388794176,2.1121779313949918,85.64170412124213
6,-32,18,48.52556041472411,141.00824049162705,13.759547181960759,70.98488440608077
6,-65,11,54.34058521982641,124.72235966702432,6.891581199275679,72.02860298667802
11,-47,1,30.476091279732575,106.18056979406596,1.1649879266753032,100.0
6,-84,10,18.180846566694974,16.923817119037075,14.39590257058442,57.60413253469358
6,-49,9,8.591038820282048,65.64829173087348,13.184884616379751,88.68411667181152
6,-34,4,71.41191409249159,86.09877145113992,11.32023781302212,100.0
1,-65,6,19.623428168785562,32.174636757647654,14.002091879213367,77.42964983805939
1,-66,16,69.00753541887977,69.99285440569255,3.3019413125364623,60.3702631618178
6,-81,2,39.03764460469539,92.14875223586004,12.545539395151295,59.11262146607058
11,-32,18,41.57748009896515,52.46961861673289,10.349867945314593,99.6463406849057
1,-46,10,46.91774960927717,118.23699874782064,13.046388743515326,95.36876319982153
11,-72,17,36.77085081275432,126.86518933762679,11.953673486139447,43.126302226698954
6,-80,13,10.061997722259008,51.92337306794026,5.197425947652375,78.26990849326927
6,-78,18,30.963181000284578,126.60528740140629,11.615978055258834,29.590960405734123
1,-38,13,66.37343606939385,20.01860208493718,3.9368445447733547,100.0
6,-83,17,66.57844014688709,126.47071930028517,4.928882445420823,37.91150655756539
1,-51,5,28.622430723999436,27.148812591804408,1.6185857583446421,100.0
6,-87,11,46.0102626557688,17.024437113910274,14.026149239707031,42.88046686553348
6,-44,7,19.344722801193747,98.05743364394662,4.365050451004223,100.0
1,-60,10,21.037208152983577,73.43091803451767,7.809336977571777,87.93784637420843
1,-63,17,2.3047088406607408,136.64413705986075,5.86999254699289,83.36281000204666
1,-80,15,89.67465499077446,57.662433433173135,14.398921808752522,31.52525904698292
6,-48,18,21.07066650749062,46.63707819845616,5.025737564077236,100.0
6,-90,19,22.75338769364633,77.60656139090877,11.678187321340335,33.51256809699679
11,-42,2,27.96014326451318,71.11219693645589,12.8312423194677,100.0
1,-44,4,12.7408071695429,54.942066701492294,6.534097462214489,100.0
6,-39,3,63.92628831813628,105.59248831125764,5.672577216793969,100.0
6,-53,7,7.514295317758657,115.1364659175167,11.216187313989419,93.15266195254537
1,-67,18,13.420242632635027,128.6826755093698,13.693439704593512,56.3396783508161
11,-37,10,64.47567265900929,146.06420768299972,11.323975996083574,93.55468963281247
1,-31,7,33.96606204814427,43.66514785921315,3.4068954838779844,100.0
11,-34,8,70.7947826701189,108.83355496104441,13.32461621156558,98.36625713852298
6,-44,6,55.742474467014205,62.16744414688306,5.8137250115524965,100.0
11,-60,1,25.602117306151307,103.17688593291068,8.643441176669015,95.50540817736376
6,-50,4,65.08279504893281,74.01734510063694,12.471534289390666,87.31601398611895
1,-45,14,11.627368029288066,149.09709990135008,2.825921511007383,100.0
1,-41,17,53.64103830800304,110.69080968965874,11.767652035163296,86.45746524697225
1,-65,20,43.71481050450347,143.11123856297706,8.942441968660162,50.18183338880343
11,-42,18,26.787358281744076,126.07058467477194,13.400124627414124,78.86873601628153
6,-41,11,60.40049977395001,135.9206466186888,2.5795560276531444,94.41657711211312
1,-86,14,87.13335923402825,123.09078359612786,6.310233555613927,29.386356002682255
1,-71,9,99.89046997630767,71.57807390450715,12.49264639300256,47.398804115518246
6,-39,15,60.77627687434245,41.50932573529823,0.2884755518514026,100.0
1,-50,12,40.470587432917014,58.69642544032572,1.6830205014846427,100.0
6,-80,10,22.52071002162016,7.934253732792815,14.85847819135102,58.31681660083572
6,-35,19,25.709608939511174,80.97900928237674,4.205912678855258,100.0
6,-37,19,47.94549781497657,78.23338103920926,14.6331479058593,82.71983762775054
6,-58,6,36.72777012807092,81.16131740042078,2.7379732651301087,97.78914153854572
6,-41,20,91.38145226249442,146.23452762094925,5.416416645110035,71.193115588598
11,-53,6,36.82954676557095,137.1608305009517,11.29304166755356,83.41927681216157
1,-64,8,37.34445911454355,28.44835285786566,9.866676108572678,91.78477723132252
11,-57,1,38.35345124339769,58.487965625603934,8.716835998935833,100.0
1,-76,17,83.66202103676581,66.47364602217297,7.948487637075114,41.20679666374524
11,-59,17,65.07883208469019,57.277273088488926,12.651606654971104,63.530511501831164
6,-33,15,61.416885031889265,120.7819147225674,3.524228442500891,100.0
1,-70,7,33.41430223838622,80.9854621308001,6.637063904902776,84.30800967392298
1,-45,19,81.79041768324394,87.95447346088564,2.3317843823468594,89.93328844754055
11,-86,3,3.8363861355701134,128.6869660532492,8.939123935960566,65.78756156361057
11,-85,11,87.07971723381132,121.859582245227,3.758166364069803,49.13457083376667
1,-53,20,51.27498997939296,24.170670808943456,5.0076309651507875,93.31852392359697
11,-69,19,39.82502348634128,108.51761469212697,7.068760749352922,59.16238233147808
11,-73,9,49.71672807176857,68.13823869079516,0.4015587855469177,88.79017570529518
11,-77,10,66.7415530533831,47.72409094406257,1.3790690388125648,68.5896045360994
6,-81,2,1.276542651789736,12.25272903081702,10.288938310623294,77.55375209948201
6,-45,1,87.15518564582477,75.65118625009039,6.434549710762608,100.0
11,-78,16,44.673952531139285,56.53831870505705,12.971853329998432,45.15046094971247
11,-60,18,34.296651970007815,41.469390753078116,10.420080054662991,70.64571801764406
6,-61,17,13.82455656340571,105.72740079155885,0.12151412470983669,93.87098584013361
6,-88,6,43.94653743584421,116.57538116076012,9.250684961507023,37.111370611654706
1,-61,14,49.632277128437885,40.494480259266595,1.4058729908957464,89.83215141692006
1,-85,15,40.36466944934778,12.169878318505353,11.713997696857414,45.73057777178436
6,-62,14,67.86600938268971,128.06914158195906,14.87261532417753,38.496386843181355
11,-83,3,42.0896528759226,6.444162474623981,7.967981913622673,83.94865361892693
11,-47,19,96.14175778465733,140.88131161861344,10.241692502911956,50.65297246190312
11,-46,12,59.92775178235918,96.00488172749236,3.5597124134212734,95.35620468190538
11,-48,2,80.74779356519089,51.66776210419144,6.563966156306903,100.0
1,-47,3,10.935590310947884,40.739296888626754,12.841429983545755,100.0
6,-58,18,39.72912929459057,6.30582131834891,2.511344216193768,89.95828256378876
11,-74,1,33.68477014471527,39.143355466577184,3.9830340842064316,98.85368202172494
1,-43,20,56.94823881365918,24.970603719985462,6.681505129290453,96.5032618732976
11,-80,6,86.11135200614257,93.76410200485611,10.683733377660209,57.705257752972855
6,-78,5,7.833821776200667,29.14911034610119,5.638259321935108,91.31236144050595
1,-41,1,7.257479804471078,81.6513264428098,13.915984196745057,100.0
6,-80,19,85.03177081575988,90.56688123994827,1.4168557690307875,41.5408037864091
6,-60,1,21.285008603835742,48.216046260302605,5.562062963172712,100.0
1,-63,16,66.87532544498137,10.084417607714212,10.634311851426329,64.77103681740407
1,-47,12,54.28781323608052,10.401812689058435,3.389801484922387,100.0
1,-85,8,83.28935948872295,8.820363168118053,9.846197013445094,52.25206120079373
1,-50,16,12.508890983640352,112.17307673479921,2.463254373410189,100.0
1,-75,1,12.978296572261128,51.11140719807323,0.8397042729252957,100.0
1,-87,4,55.681836027830755,120.46352696531122,1.815235751229733,50.18721973474884
1,-56,10,94.63786533583709,67.60125945721313,13.94977174701202,70.4951700769366
11,-31,11,41.499775837075425,70.68472462034475,8.27626324409327,100.0
6,-43,17,32.694210025469495,79.36797736388819,11.945186632194735,89.10611948286217
1,-35,7,60.66893231978858,108.38956117439007,4.989817513575768,100.0
11,-32,12,93.0448600545031,44.657915545307524,8.8898797182817,100.0
11,-65,7,83.69278328446237,22.6301656823614,7.424282005574874,82.77794476444538
11,-34,12,99.54836107332198,85.62831360276192,14.18606939103441,95.01951291084373
6,-79,15,2.256858320237709,52.41175537019719,11.213619540811655,64.8633495968622
1,-80,2,11.285814471276224,69.16124048186542,10.958139472448686,80.21569597209646
11,-54,14,60.946776336662204,98.80727270890928,0.695299041514193,89.79161057516257
6,-66,13,82.05764393338497,76.64823246548424,8.245045035055366,57.797242953792264
6,-73,4,28.524434230676654,94.94042847962221,7.004871808527223,75.1140587954381
6,-72,14,23.921108803421877,83.90900030647603,13.917633999092917,51.75673613150385
11,-68,14,78.69757993812009,112.27047393073438,3.8601298228429837,50.90086211432123
1,-36,16,5.638185385323158,107.36080956818489,4.047501799366414,100.0
11,-53,7,36.93826475825851,82.45753431224978,6.170193733222506,97.15465041685368
11,-37,19,50.58092225923298,103.4409380246575,3.6505457010956404,98.76074645732764
1,-73,2,56.03486743503234,131.66614232952884,1.9377587671312424,80.42459480628658
1,-65,10,72.86151567927769,67.67933672928444,12.861222699762012,62.72252951439196
1,-85,18,35.48457234306582,64.85064554857507,8.374147866058738,43.578337487615016
6,-87,17,61.26843446746072,115.81561502359511,12.920440784348502,16.662452129184757
1,-47,5,58.53754227909563,89.47030637108914,12.467021481055438,81.29423229612422
11,-40,12,54.76161006537471,15.29598313227534,4.2306353218450665,100.0
1,-62,6,64.04832931422122,134.3562422752068,8.21606166486411,67.14010481200042
11,-32,9,25.94491710680763,9.46354982445782,1.2482655411010568,100.0
6,-57,20,8.464875358462898,113.51747165041274,13.728778260461375,67.54504087536807
11,-74,1,11.927167203974342,115.02515069212537,6.063940725977297,90.02940947853271
11,-48,15,22.458238265390108,143.20110736587992,5.90514275833532,92.77975249273895
1,-48,6,50.01979355227852,12.84948921833651,4.541330559269298,100.0
1,-38,19,84.04427505460201,91.54424481375119,6.909956170660557,82.72760434558623
11,-75,18,70.12933420883842,67.03688274092268,3.776390798181721,52.123838671953216
1,-89,6,78.90406042020471,52.94177845463359,5.622784091952068,45.7496553598409
6,-57,13,35.09756239260914,18.09619124336559,11.999205728773228,89.57203776033572
6,-36,1,40.465374164855014,86.58484735233984,12.513832553777577,100.0
1,-83,13,39.368188599061284,74.46090522281898,4.562737164427742,52.53164126985199
6,-78,7,19.187318440450152,20.16039643189852,7.035216458291819,77.87622112996787
1,-49,15,6.121665814357202,93.81097852907709,13.107296644200783,80.5484761964848
11,-83,12,59.09160928272268,112.00320243667608,0.790099977445457,57.46153978400264
11,-61,1,98.92166834205861,116.255353652779,13.33717442993678,69.79427026204837
6,-59,15,16.682970495026282,136.27911229805198,3.287765184784975,81.77191241398775
1,-55,4,4.6684819899273755,64.37325757387269,10.178088663215638,93.55804596608772
1,-44,13,77.9531681823933,143.19555145020985,8.738275445769004,76.30992266953757
6,-61,5,25.25860066847242,130.48726373698946,8.294111222838781,84.04306832616996
11,-90,2,82.96438053529283,47.99272779847116,12.89040337129232,42.15458779914387
6,-48,1,70.39366670345154,28.096040415671478,1.523582154669919,100.0
11,-52,16,94.56735370508046,68.13146243856195,5.205420379884541,78.4147968518057
1,-74,6,40.8927235756672,63.27531265361516,8.073791195171484,74.66864539344297
11,-32,16,66.19698394506341,88.47929927302462,12.169332809190596,91.31604193376604
6,-71,14,46.48547808132707,89.59100368752345,3.246646251175073,72.3098942314044
1,-67,3,63.05886973085435,113.74811273509641,12.043947620614144,64.0360063000544
6,-41,15,44.95989060077373,78.93404248981348,5.994577237409036,98.79783815301322
6,-69,3,18.863224642407484,20.199282936411002,2.833707846505431,100.0
11,-62,2,50.78974160033809,129.4522436552004,11.38479660665224,78.51191188690812
6,-69,1,52.85842014374423,49.915864561852125,1.3634835221182173,100.0
11,-47,9,81.0603848260161,145.83813174445584,7.721510611131644,86.64668573623464
1,-82,9,73.55207057935812,22.089715758566673,0.9581367579283262,75.1119723786428
11,-54,7,66.3791623941444,143.94641997371298,5.346267827366813,88.46265414635417
1,-81,3,11.338709555257253,18.19671199796496,9.01615198509589,74.80678603094786
11,-55,18,72.0616290663715,38.50024000232362,8.341733122308197,75.54685984842232
6,-54,11,50.03051563545148,11.754091602548531,6.069831268569998,99.37600250454321
11,-63,7,89.40995361061593,107.24140626265427,6.435719909581735,78.97828129328344
11,-63,9,91.98709341305428,128.29331680290983,3.401543300261498,74.49437018479347
1,-49,1,5.515659060178546,67.94030686331716,6.838238826361543,100.0
6,-48,14,82.06415603544788,139.6357008811523,14.298822835812514,61.20493097998619
11,-70,20,3.769739042267062,90.59336540456194,12.756793766756855,54.79337956248143
6,-67,6,36.716962569502265,96.35103463974586,2.178493036145157,92.88277525513338
11,-49,7,54.22999756210791,127.58578424661164,0.446711809813814,100.0
11,-31,10,14.810079862712744,48.03602973251664,14.002864690749458,100.0
6,-51,7,74.63138125690769,56.36852959250574,7.901246248211215,92.24362600403363
11,-89,2,0.8354704172138572,136.36302828322343,8.067567347239615,62.813792279011786
6,-36,4,16.859904843403683,135.63970692562074,11.710769935597835,100.0
11,-83,17,58.07968298534757,146.59000254912627,4.720334608069898,34.02559379817138
1,-43,1,71.43875620372924,135.7665558840423,7.228613532540033,100.0
6,-64,10,91.66431026939162,23.46894522483733,14.529943697201064,55.44595546282355
11,-69,19,70.54966519346239,124.44002148986317,10.082230303986107,35.34334786497247
11,-54,15,67.1779270254866,64.42657932589114,2.306175479936789,89.3712740987932
1,-64,10,39.43411463506643,148.666196612161,1.9984012197652996,76.18528753394887
6,-34,19,0.12844255268014138,73.48073982767616,3.0639713749950808,100.0
11,-62,12,12.015925873562194,85.30623196282198,11.500675116310763,77.32411336060608
1,-88,16,53.455454475603915,81.81736271223579,4.430655057609241,36.37689257452665
11,-47,9,67.51298858444197,51.65186932945028,0.3208327001261968,100.0
6,-78,15,41.74482838964625,15.878202889473135,14.162615452584928,61.02730947861583
11,-46,17,73.06790115283903,134.8694284082782,2.54570124592366,86.00858325354625
11,-81,14,52.186229533217876,121.3879928163116,0.14337279222102872,54.52568134845717
11,-55,18,7.4176195594312215,25.231383181152044,3.5569740357498447,100.0
11,-82,2,19.201625096794885,117.63139934576057,3.5254318067720054,79.94067259532632
1,-37,4,83.99982232439429,95.74776657733845,6.3300787626858455,100.0
1,-35,18,72.49127466244396,64.32584924805523,13.805847472500552,82.98082885489596
6,-36,7,89.4761987012495,41.8330666188566,13.187773766686469,100.0
1,-64,13,11.755724912093656,129.6606736078237,6.853418324736419,65.41289845691932
1,-57,15,99.02225346150739,106.52729759763768,6.163498574877098,58.75680419284454
6,-40,1,20.94067139499336,84.42228687302485,8.32513629712277,100.0
1,-90,11,1.177987628664201,93.38743741527729,3.6518101795764863,63.541934785428346
1,-59,10,99.74229390535541,18.20459640191624,0.7827748794954426,88.40927586603962
6,-66,5,28.107388544511313,73.71836533212283,14.0883620425681,76.33577393523335
6,-62,16,66.80194525125599,33.08654245392679,2.8004847731575913,79.21636152934549
6,-84,11,17.66823141763052,35.215633456279676,2.9760109386857456,73.6637797786431
11,-42,6,58.022853219914175,100.88907453159567,7.086904932809214,100.0
11,-88,9,90.40349864545593,137.13214201597177,7.374200172604961,35.52559117547334
6,-71,13,32.01811674284386,63.54470851936025,0.27651314551112915,80.22543660854642
6,-71,8,67.02539760443592,35.123644586767604,2.2193210816095603,79.05020443755626
6,-38,14,18.79035887984165,99.06830589931486,5.6723222784111265,100.0
11,-61,1,62.479539871872525,131.32212172079608,10.255960402658086,77.33614446273165
11,-56,17,33.64503518175101,113.50622616276117,3.4262768524790377,79.7207611323163
1,-56,5,21.12082585879517,130.96979842780513,6.34521669362644,100.0
1,-42,2,31.318205070363515,82.8004272965659,8.360175970747003,100.0
6,-52,9,17.884106850779936,114.02205543353267,13.32888741934938,85.89831568294849
11,-64,4,90.19161078378828,25.30936110704579,4.8910575349068495,82.74088392345749
11,-65,17,39.71868863171289,55.49981922766277,2.0033739879522527,88.07506056893675
11,-77,17,24.527930497436735,61.48462884982075,7.339083388464124,45.966312160036
6,-74,18,44.840784101593286,79.13788320567501,11.200824025260932,50.88775070247542
1,-73,16,32.053616680649554,139.71607223723944,1.6478963557910014,68.80495097102354
6,-46,8,74.4419253813326,131.77300123221528,6.370252375454406,87.52105778253596
1,-39,11,97.12199118854944,24.50619638193176,0.2667771189372514,100.0
1,-62,18,43.80336566976468,30.054499522957165,0.503387724708767,89.81872043992598
6,-71,10,86.10333999722404,56.857879690392146,7.244300448249984,63.56904066727241
1,-38,13,56.58630735596195,47.15786055414772,4.472959472263941,100.0
1,-64,17,15.723566509423348,94.14178820765804,12.676609485081181,78.22749573038837
11,-73,18,69.06227420813416,135.902526925859,9.032314591896814,44.40659276570901
1,-87,10,51.343449712582014,144.53227354252508,6.808994426144856,43.97196369175061
6,-90,16,65.06065232521034,99.77242811760784,6.119030565814445,27.966889136421372
6,-41,20,88.9687412571665,126.53308420315757,7.458682202843449,73.37843677694532
1,-90,5,44.043457065604606,81.15431903346558,0.6065824681899201,64.03720247296724
11,-33,13,90.11776232173557,35.20740729470576,13.3919003463099,98.41620186915449
11,-65,18,75.0669014281655,81.07981975355422,14.974547336009374,42.82454188658104
1,-46,17,48.860492587798475,85.48697720845941,2.72230687288048,91.19460812795104
1,-71,9,60.32221356579637,112.6563468109657,1.805744471619296,74.11512856075997
6,-39,14,32.55811325190115,36.88303350756562,2.1536619517289286,100.0
1,-68,17,98.35972997387742,58.4050054025761,9.915405873515507,48.47458605580097
11,-81,4,66.7351163050396,57.78398303611211,9.921612576761621,55.31001173297376
1,-32,18,4.38468524966299,144.1187413824689,12.718862434176165,94.58573077866563
6,-80,20,32.662190574800874,69.37201924737424,11.2773958263938,44.62620712608152
6,-50,15,62.33144337590575,114.48862525823124,6.745345100540096,78.98789520658318
6,-50,11,5.63332777992398,113.86765029929366,9.192830423479782,92.67141832730344
6,-86,12,2.3884191319142767,43.50390679647,10.324270055520119,60.04515019179801
6,-33,9,45.002423952780255,87.92110495890115,7.6910470542783775,100.0
1,-90,13,33.269017969267,134.67391953120398,7.13476476677455,32.17621169504475
1,-74,15,43.82986080331659,73.90366932125767,9.676461684639799,56.60734180522863
1,-69,15,26.269330988000515,142.04203856466918,8.362118234634806,64.68982909411689
1,-57,5,16.47177469429809,36.096443252003425,9.659134580038655,100.0
6,-35,19,68.91433569803377,15.753070337234456,9.192821609450458,99.81158303934161
11,-46,20,51.45711162678005,134.26081160598866,10.78794840770482,71.41939107049154
1,-50,14,20.015421124936683,127.91377370452142,9.642052631743141,85.78745568011475
11,-62,17,31.958942625999832,148.9255320104075,7.796137296559009,65.94716549461997
1,-87,18,59.18079076633259,103.51205577630178,10.226952169265799,15.70443154852526
1,-86,3,7.2229348272477845,140.8197493667367,6.742229477781421,56.11956426429838
11,-80,2,14.745300926617954,124.90760863719608,3.625068389589016,84.35154244100424
6,-35,1,7.324560410739012,127.4418183024126,0.021273302008731898,100.0
1,-40,10,81.23173327141188,87.5255277158689,8.399462207187648,96.77200628898743
1,-70,19,75.24092332120092,60.44286669792307,8.859828399129615,48.14343408659063
1,-56,17,75.33129318792571,140.51092051877586,14.580734471635715,41.24812345395078
11,-79,12,71.6325343476028,67.6569904643047,5.422175011414133,58.04721660636269
6,-65,1,66.93854236698692,83.12880825120202,5.911998642424676,88.47721340430647
11,-40,12,47.6991915378175,69.68657453315222,3.0269937201328534,100.0
11,-72,17,64.22781635071149,86.89865552422857,1.0580144285598285,61.76816270388874
6,-46,3,3.836155478797465,73.22323645388744,11.592067392926108,100.0
11,-31,11,62.14644226567846,11.955295994024002,3.7452159650898755,100.0
6,-84,17,77.78777055368772,132.8969869711163,9.13357291545057,20.74625407729593
1,-44,3,50.035836038439015,69.43710374278662,10.316595533182223,100.0
6,-36,8,35.75133284272369,90.39682903356557,7.068550309374715,100.0
1,-84,20,27.742673480097913,25.18223139990812,13.145281695407874,40.375650003463804
11,-65,4,64.28020501620824,5.491237957482674,6.656922614695931,95.1238946051368
11,-51,7,69.28011986299087,40.56706357832823,4.2736293456264765,100.0
1,-86,14,87.09675998625426,107.16497465933578,13.440232844424335,14.941662489414858
11,-70,14,34.233408246099074,19.383206866367395,12.923464263749347,69.48444925013435
6,-77,4,76.97723073855856,136.78867885603785,2.460599206146195,63.79649495309594
1,-87,16,56.135582418933794,36.17827255664676,0.38941527530881426,58.96011796990645
11,-68,1,88.28364906780791,34.666074072307495,1.3497833452443104,96.32871791143467
1,-49,17,52.78121082956208,31.31865443511685,4.298210978307256,98.53691889464648
6,-71,10,51.76298283979672,7.027348380847888,14.58389702612566,57.490725625801986
6,-76,16,57.787708144090914,116.91179292934402,8.377742297412375,50.492079862025214
11,-41,16,74.93153551424344,131.88000703056247,5.598925980439033,85.6931738654801
6,-39,8,96.4690478828461,94.05359187934884,13.330741419191195,83.299950094893
1,-46,7,7.356335421576565,32.288997343580036,6.797044972177495,100.0
6,-62,6,5.3434602391017165,46.36530955642756,4.728579426015317,100.0
1,-83,16,93.75503374073385,74.00937111791967,14.118292931184861,25.458563482207385
1,-50,20,52.98756255182061,143.38016298537863,12.74276499289017,60.45047328921242
6,-43,16,61.49030145669361,40.86594891357271,12.655025631291615,89.1767121811888
11,-72,7,48.24236015947289,111.08865606838377,7.684271145753197,73.7625387870054
6,-43,9,9.365745260747449,68.71999237747345,11.841575982231824,100.0
1,-52,14,76.80893784186665,48.18786551220316,2.690300388968278,91.98655383312351
1,-45,11,74.72246450885869,71.1078108682065,8.598344363343655,85.34201773548287
6,-63,14,31.1703321492812,15.324974043478717,14.757688842713184,80.13228283575411
11,-45,7,30.623924522840042,120.80966878490256,4.364376457769425,100.0
11,-34,1,83.78413809055185,40.278779557530235,11.915284938715129,100.0
1,-64,13,7.235725774132662,110.18475786298072,7.357176108121008,69.96536857195551
1,-87,20,88.11051483565659,14.910513859988235,0.5970852483313099,49.83398924198554
11,-33,3,25.66616898959144,143.4892906440245,11.44529096723501,100.0
6,-76,20,59.298474775549394,32.987172883826304,2.528537165881692,54.394656360527925
1,-56,4,93.59941790017777,132.99760105002667,9.472103506991253,74.77266856413495
1,-54,11,67.81225015366465,122.373615394238,1.2849629107045935,86.33000972753175
11,-90,2,41.44298124670366,145.3396889918053,14.203010962439473,49.88385445111783
6,-88,14,68.95342089054152,74.2941458371337,4.375858307705414,41.41900032592941
11,-44,12,34.39796363163702,110.47260760766297,3.3969703751609237,100.0
6,-67,17,27.725841634918613,58.75304527047869,1.9370460609950146,78.10760955743667
6,-64,12,99.66832779346797,31.733394512855604,14.190032900085717,61.53222567974309
6,-51,12,75.07902311797878,69.24601027535007,10.678556136619578,76.4223514336399
1,-55,1,64.47199773818177,29.03360723132596,11.12491333077133,94.15256205038553
11,-57,13,35.52896432193188,147.39647030402568,7.491068420703669,77.66092658210854
11,-62,14,4.916082915504816,18.955741215403876,7.120916779057252,87.38401985363276
6,-67,2,3.105687603515561,90.43569990062996,1.6503186448721496,100.0
1,-67,12,55.418125544879885,95.8372590118381,8.397616433759877,73.48164547748883
1,-49,16,76.2032721039051,83.02153371673786,3.7037474266318564,89.12149622742477
11,-87,4,53.73791904438551,101.01695342821587,14.657179992006087,42.88810882195869
1,-88,8,84.07850719391146,21.846212376724186,11.94871410022721,46.55631422909651
1,-57,2,3.3426533093221633,85.47768600976721,6.194880902893313,100.0
6,-34,10,36.67520764259401,46.645822813467426,2.2701188803729955,100.0
1,-42,9,23.707039117417807,141.3255291786532,11.779975367081759,95.61280872104916
6,-68,15,44.7272968157122,115.50038974876023,1.8308065062197398,76.25096132449846
11,-38,13,7.2376393194122475,146.0145999131627,2.8400063024560573,100.0
1,-35,17,95.41316415710726,10.445630112327484,3.1728077661634115,100.0
11,-39,16,22.325540106936092,46.34431040120276,8.353359574096416,100.0
11,-68,2,92.23077754835847,33.3362750625606,11.805849809855495,69.89505264065718
1,-46,20,42.58931550366818,6.6174151602154225,4.714723180870383,86.31780161259371
1,-86,20,98.5524133255218,40.137230885716605,1.2700472141293413,43.60836590434068
11,-60,14,55.40583834602108,103.4225176104622,6.968076952866288,68.47964881065104
1,-38,3,93.08328641758075,38.50789370951244,11.221653617399033,100.0
6,-50,12,0.5348988694222845,78.80549959497964,3.3249576463108244,100.0
6,-34,8,74.82388061809002,133.7336266699248,3.2988682205906135,100.0
1,-34,2,90.30506531025154,105.59489845061591,14.208405410200662,91.94970536108072
11,-31,4,13.972056697895407,62.22121513637464,14.31230590678767,100.0
1,-37,14,9.612585173215148,59.007996142255706,14.856985980923646,100.0
1,-85,16,42.457260718595556,71.08169303123029,12.114894023621702,40.31443431808264
11,-54,19,93.36789061329351,30.671008953686425,2.8227625375191834,85.06359597204673
11,-34,2,54.23865601904387,96.93011127531827,3.1797228119889205,100.0
6,-81,12,52.74564637217322,57.8021587701678,5.10337862283588,58.113163442932944
11,-51,14,14.112611829932186,128.59297564299635,4.771987970002362,97.24488661957034
6,-84,6,0.07895110932187865,114.70013570838336,14.347916236170136,44.74899484206141
11,-52,13,81.01400907454612,93.52440879336321,11.836109743225403,66.05684130130409
1,-53,4,8.757456298623822,57.80932228417983,10.860131882423309,96.96368980618453
6,-70,18,63.384981873532396,35.44011559265523,2.7894483608719773,66.74055858439924
6,-71,12,91.46164545151915,117.54202029531531,13.642883390434944,40.22774427142083
6,-88,20,20.865191315843102,75.52931935370755,12.418055692592608,33.545159763900195
1,-40,19,66.52728362369108,37.588755535716835,2.4546276199188553,100.0
1,-69,8,7.869857670750946,33.3003191808009,13.067554979414588,80.95438271667301
1,-44,7,60.3755143837613,28.98313115269706,4.083713045557069,100.0
1,-87,16,16.393172095320274,117.68837344981127,1.2130461874815905,53.55954718088048
1,-63,19,73.5953560515178,38.203141868545195,9.852334597713151,56.659262479236425
6,-79,6,30.12312947939082,81.36312821115364,9.807069890764959,61.55531016437664
1,-53,20,46.33910088046462,70.47422234109318,1.4239801434842714,92.39402428082009
6,-40,11,59.94305420276217,89.04358038810116,4.782777134048736,100.0
1,-55,5,17.12734106662396,132.18746055382317,14.89221693383308,77.58220753196731
11,-44,16,74.16378186176209,130.82337156185093,10.176400005131054,62.24740256147212
6,-50,7,30.264034063681457,70.40603041460464,10.951127499049937,96.0002160219082
11,-86,5,66.23718599127535,7.22810635653488,3.193759284064585,67.82978124200368
6,-78,11,15.828305069937365,66.83435182857396,1.181731065058715,81.95032347156035
11,-68,15,68.81176592063503,92.89806292650036,4.153525346114065,59.699758154925746
1,-33,3,12.818807281046174,85.87589006921895,3.7334757778978793,100.0
1,-41,5,42.535649626998364,99.4437353410298,3.5181615112207965,100.0
1,-61,5,24.72060737388768,27.340981208597103,2.8913148283055934,100.0
6,-54,9,74.83752494281826,98.74758932320623,8.621335359831065,81.42189954841834
11,-66,15,26.203500450687457,31.48448471784697,4.921552137627327,75.98515854158492
1,-43,3,88.17173063953962,113.8259772010286,12.305175225712956,81.84837608802134
11,-64,6,89.18202114066128,54.1677039230886,2.75921126771076,86.53695663591152
11,-40,17,19.644131522278585,107.93483784031076,6.969406063028167,94.81068957536415
1,-77,8,61.38459450077243,11.940511841385527,0.20486754639119975,71.21119735463739
1,-34,11,8.771764171996432,64.13970371068244,7.22523483682788,100.0
11,-43,6,39.15370996016292,107.23000572818324,0.8375733131471158,100.0
1,-32,8,71.33217295012723,37.896224868066646,14.665852678089655,100.0
1,-44,10,65.94232468499163,120.31662149559727,11.858881929756192,78.91254651754554
1,-37,3,62.47006694066079,96.46306130021513,7.351672149546831,100.0
6,-55,14,28.25408636624436,90.19645696172076,1.2988103726902538,94.2875874976959
11,-52,14,37.8024949434402,56.264583859628885,8.886681611856215,89.96061196257165
11,-75,10,10.294614470028618,74.95546320526205,11.381456260528163,61.81719825146483
6,-35,12,71.9022820433601,91.6156486417887,2.8607587950711793,100.0
11,-69,6,50.38887967912735,73.50700651765912,8.523125111812362,67.67929560853536
1,-70,12,70.87656323456545,106.25543197138121,12.21316347574302,54.077636591719575
11,-37,14,24.894352479687278,67.88605530050913,11.523716664694746,100.0
1,-70,2,32.443822863506625,34.3296113525944,12.044880268007294,81.20250706850965
6,-83,9,33.42153372601147,36.02039850615185,13.189851373045798,55.59686865496146
1,-42,10,2.57424097472162,5.841546482226459,14.065231532392053,100.0
11,-75,17,34.10478728306236,48.638868756007504,6.082817328053039,71.3460718931992
11,-32,17,80.33045735180335,113.59305786938535,8.53153653784316,91.48106902162269
11,-36,3,89.72984957497385,120.15359278145338,11.859892890684163,91.67123248135883
6,-60,19,51.821831563592745,34.35779360388375,10.457097209186747,68.7548292689747
6,-49,1,45.55016952192202,144.06137954635412,14.932803423965682,93.92161002294687
11,-81,12,3.0824618699370254,77.84840505461838,0.2051647665696621,86.68018466874678
1,-59,7,87.92043375853827,137.9619186076829,5.32699822973686,77.91542470036107
6,-32,4,1.3010213425872719,107.48096586993651,4.215418894053037,100.0
11,-57,10,94.47500802102118,109.7528463382499,3.934737752483019,80.1460959920739
11,-82,13,48.92162486880907,17.331325089380314,3.3379467374832865,74.38777571697345
6,-74,2,34.19344935747266,36.898713400054945,10.636857612228436,78.5599714975572
6,-80,10,92.421843484266,6.278150827698532,1.2713920991298278,63.63460197764404
6,-59,4,2.4390993110096737,108.83850786912694,11.124132509150074,92.36120147726368
1,-81,18,58.14248948690871,54.94355182213395,10.401387630244102,36.13216166057608
1,-69,5,54.89325244993376,119.06461483107029,3.762061987513446,73.3177669109432
11,-34,19,21.932040121138208,54.14575189086881,3.792506747477419,100.0
6,-74,2,42.88874313502106,123.80339408333485,9.432908780167534,80.46805716607787
1,-87,12,65.22640059437703,23.951246793505387,11.432566582255168,43.516202838248816
6,-43,17,72.71311968819275,30.13910772983869,13.147284196310483,83.71582470765999
11,-39,10,0.07168587065797816,54.42709823967079,12.782093457817137,100.0
1,-44,2,93.68534300910153,64.23067138792963,14.473244912457798,80.97880892065643
1,-66,6,16.45253723928124,55.56190757223187,8.720773430047668,85.81576947865554
1,-32,8,23.35804342223592,115.72881971586688,13.629833420105394,100.0
11,-70,19,26.347344569384823,19.05795193087363,12.127699098906161,63.47045020059303
6,-54,11,3.782013655203531,55.92646784758077,13.420014364710203,93.51847313686355
1,-53,12,12.305212359032492,126.3997999297416,0.1743990192804995,100.0
11,-42,9,98.63499229441621,14.68557620301494,14.488544877987165,85.304578840978
6,-90,2,31.521673737728605,141.63980861234683,7.102952442697175,60.607533308188316
11,-66,8,11.530109033904933,148.01594212944187,11.972744843622644,64.60555373875131
6,-40,11,10.699126117462331,17.842385204636614,1.908061790066713,100.0
11,-55,4,71.94599676699718,47.23451572708186,5.939116437209611,100.0
6,-74,10,85.45686640326409,58.998096575126645,4.0719099453148635,56.897023251053646
1,-50,20,25.695229950846986,117.57674845464528,4.374881557514056,81.44986969606067
6,-67,16,2.090951233523497,91.4093877569264,1.8488342992632263,76.7434927651932
11,-89,8,22.30900184453558,98.43302657142226,12.086457488145104,50.5012912408336
11,-51,4,5.651569079675733,114.83892430868337,0.1386347187161724,100.0
6,-76,10,10.339493663004152,22.10695491836873,4.6875818547780375,75.38220743718867
1,-59,12,43.15081198476424,125.81537125198804,2.6161581482462255,86.18640942811656
1,-52,14,22.991837086163258,107.31487160612089,8.835584109125108,82.39782045734923
6,-32,16,51.59458785254234,88.7145501534737,3.813786039218158,100.0
6,-85,18,25.349375325719038,134.0116235435432,3.884976817921495,53.18078818603925
11,-90,12,94.05373011029477,106.54442131315203,7.325072159929781,28.391189286076834
1,-44,18,90.59439679262645,34.24649458149868,9.790335590113886,79.36659842282424
6,-68,7,56.6806105010466,67.31308025597167,1.8195705684774544,85.99662029445761
1,-33,20,35.44239919873861,76.63621570568132,2.632671786982442,100.0
6,-52,7,38.114688203473555,13.006555878808818,3.707621168917764,100.0
6,-34,9,41.185228314449695,143.42243943720808,14.606223211769407,99.10246450664297
1,-74,1,72.7579322134944,23.64370281554738,5.957287499143805,81.6799721770781
6,-57,6,45.16389955188379,106.13188374787539,8.984851359465397,85.52987833560127
6,-32,6,85.67299465058974,78.40350023317762,3.623142190739668,100.0
11,-50,12,94.40947859303645,8.716676233241275,7.356892877362319,83.78588298305253
6,-62,12,33.59461533789339,139.08838400033244,1.1117876157893707,87.16357593327182
6,-82,10,56.06944813756801,128.5163372787453,0.5211321888349041,62.15148179669555
6,-78,6,9.505653683256444,81.01739954605615,7.0310029023219025,85.57584683625525
11,-85,17,20.0469047766359,38.19663874021956,5.979889312776181,64.51378102741187
1,-85,19,41.34657667101601,22.635319148613664,2.053204795377415,58.508093506775005
11,-71,18,20.620271590177886,57.69190951765836,10.314021433811005,63.72787063075111
11,-39,6,87.65604907887176,42.03710075168312,14.893552363488967,92.61030067603629
1,-38,19,15.828625605909806,78.47022414591332,5.934702317950687,100.0
11,-88,10,45.566082155309196,145.1293479378972,9.368379538760918,41.2473916732283
1,-74,8,60.56992404598757,88.368256518298,14.444639135467286,50.7614276941126
11,-42,6,69.18639081608444,134.0400031040642,12.47302458670313,87.25332658134477
1,-79,7,38.306936972650675,99.3774314368877,6.953283349540286,71.53433577852265
6,-43,1,86.90990687247286,73.91074635514407,11.06234226689879,100.0
11,-44,18,56.831915107792554,128.91809659633884,1.9220256037578602,98.60339561143574
11,-46,20,43.95077804475518,73.34837597508464,7.681557831956988,74.47869379734018
11,-36,12,6.724063405203662,130.95108472400233,4.185904157699048,100.0
11,-90,16,46.4689468445165,47.278631588485965,2.4174553184424163,49.87888359030622
6,-74,10,82.07358408157303,23.67789569563328,6.394213593818023,76.12338237576569
11,-88,10,61.45410182213155,129.02059733262604,1.9652183165042163,56.48494174751393
6,-65,14,83.21624537291183,90.17519874993668,10.484776622617284,53.864284644553514
6,-76,20,49.401167059930565,133.91839774609923,6.843600660800033,48.352902145557564
6,-55,10,11.846170509448184,140.98494501389555,7.967169488469957,95.87194924357624
6,-59,10,1.363984583588107,12.77611660386013,2.1956390800223553,100.0
1,-59,11,30.321954671859118,77.64054876953591,2.0965749164024174,100.0
1,-87,2,69.79904714977924,59.36985961580674,8.751231528901862,56.58559044903184
11,-73,20,79.02599039416938,95.74946757516699,14.775146217441694,25.65818507861967
1,-42,8,29.575283462032942,120.07072359433691,1.4437587485658843,100.0
1,-72,7,49.565392088324714,45.685581316283496,4.285971428486719,81.51491826779129
11,-48,8,42.111890443408164,85.73576573410989,13.041886748068313,89.3545879118693
11,-39,1,41.05227843514279,107.76564408621044,1.084080183828554,100.0
11,-56,2,23.134871320015048,24.49250701118143,13.138285820504269,100.0
1,-51,18,13.637110502945838,123.0397013629337,7.864289750621268,73.73109870370442
1,-77,15,19.668855823121312,92.8858919786811,6.124001608896387,63.838495968870724
11,-33,1,5.53323871633461,142.6829283814795,4.645208465271838,100.0
6,-58,5,19.813074182357703,54.231693273950526,4.456757371917629,100.0
11,-77,2,0.9200897625379456,20.681161638893805,4.587038736742182,100.0
6,-57,20,62.72584006359783,78.44267415035416,13.272046214402936,62.965048173574154
6,-36,3,31.637540738768287,17.442561897868632,10.856928452621784,100.0
11,-87,19,97.31447114269086,145.58134588198098,10.045845117467259,14.293711515385933
11,-67,18,19.371705077629787,10.609318947292774,11.981237234280012,66.85771761925004
11,-32,18,34.58285703095939,114.25806566055967,3.8567199450621747,100.0
1,-62,14,35.78411586415332,81.13984773062538,9.270642181226336,82.78396595871665
6,-72,8,0.845149606246054,58.44999461225186,6.900993584369265,83.37597669467833
1,-85,12,83.9207953039459,14.547113853754926,11.736624528002901,50.363176498579975
1,-34,10,3.199446014432472,95.21420400517313,4.638841657099283,100.0
11,-58,20,94.01798347292414,89.85694776168852,9.647679253048436,47.86174723616896
1,-42,17,89.20743510936207,45.72807459480196,13.233186177259702,77.95355989569397
11,-51,11,53.55219160859635,136.98214670449525,6.032257142923931,87.87966788697283
6,-72,2,54.35955749112921,49.09595106471135,0.9993313105119217,100.0
11,-38,4,65.37779229561563,70.21018453585539,7.740762335126892,100.0
1,-90,1,38.7050011934887,83.84555610820507,5.1895873171053895,68.04044213745775
1,-86,15,64.72222833978554,19.533622335561482,10.083380708207624,39.59486529088662
11,-64,13,4.476838868848687,140.1634492859767,14.265493871229092,53.58067386708026
11,-75,8,5.404762734972657,59.30774210540096,7.284124769952705,76.54071688287735
1,-85,4,45.723041961954436,16.712986011779826,6.992853452333008,68.32208287329931
6,-51,10,54.96223011060349,61.15722018292284,9.818772002871905,91.85629124092944
6,-78,19,88.7817640335819,92.0293693284242,1.5524625539035153,52.55629679987721
11,-43,18,10.466063390789627,79.47963741409279,3.8025928338752197,99.89031972306192
6,-56,5,82.26479271938894,105.70858623540474,13.784689882505978,71.06793949087039
1,-72,19,21.004733729206958,13.045171599847041,10.049139200456494,59.910271497953666
11,-79,16,39.408364851003185,46.25838848944814,0.2016606597512438,75.15125623939952
1,-75,1,31.66024348274129,123.78843364181483,3.069382088385298,80.76425700125313
1,-32,12,40.0155272865399,16.584584729747323,10.242558990433485,100.0
6,-48,2,15.049549807258556,129.04546343091386,11.465988038438613,100.0
11,-81,8,50.357007440355495,18.324933351180405,12.597893590110628,55.33160792978732
11,-66,18,80.16425898313673,125.99586115929596,4.382652050730673,52.5144322220966
6,-71,16,44.153401037889694,57.31431815641537,13.96542894416344,40.13369869095651
1,-60,5,49.061357589819906,93.7703141722963,8.294203403668385,90.31346347648118
1,-87,13,84.87675852813142,27.168631768959735,10.448085335818394,42.01388753683193
1,-47,19,70.60581146380308,14.594464650151222,8.951082941698619,85.38450077453588
1,-68,3,49.04544085197847,36.31103958291959,1.8411008201193069,92.87187750255003
11,-89,8,25.769564818917967,23.538803596760854,14.446719890773197,56.38019436588381
11,-35,12,88.49267468449666,50.298855163546605,1.8431336984122897,100.0
6,-69,2,57.702040169055834,79.58557074409792,3.823229346167754,85.92342840328291
6,-40,11,22.11476101106934,90.37012221692638,12.204418203344702,100.0
11,-34,12,26.911975263801036,119.53087557006272,9.278954422516522,100.0
11,-54,18,80.3133088936246,100.154784521012,12.572237480645354,59.665029949283834
1,-83,13,4.414556208745546,93.26995714378518,7.7360428256106735,61.14424303543758
1,-84,5,99.20921870288201,64.70839398543733,5.654898530499523,55.832500129865274
6,-77,12,13.035167971479177,73.70222306922011,13.827682493216773,57.0405122730862
11,-35,2,79.60685253969373,65.10552026157626,0.5437847627219228,100.0
6,-36,5,39.47753167716829,127.11407435890055,12.841953305295688,100.0
11,-88,7,49.221618328746686,38.35006561951798,3.4622667778167244,66.6579602253719
1,-41,12,88.06505774645778,5.8295350735848706,12.731044916309516,100.0
6,-75,16,41.291118958921324,99.4413850978047,2.0879492012532843,58.02181128909599
6,-36,8,53.74937536732345,34.35701662763056,8.703284455358107,100.0
11,-72,9,4.929966240916994,134.06669476492235,13.321618785172081,64.22597814812599
1,-40,15,0.23474738674531537,129.56171780746513,7.103094703483357,100.0
6,-73,5,24.47998730017259,16.125468929589854,11.198500107050894,87.54907975961724
1,-39,13,68.05830929187672,20.426318785041214,12.070074267833377,97.01832934726589
6,-75,5,12.126489335913671,76.79988087576662,11.047413130751687,64.50869889401883
1,-83,11,11.376195880454942,93.33728610155643,13.879946053118974,46.934002709842424
11,-31,10,41.096060803590326,44.861708934924906,6.70251345779893,100.0
6,-58,20,64.78370386082265,108.93566892140875,2.5968815874773368,67.01066447233805
6,-42,13,71.20719922479304,91.26282303323637,0.7171659555371968,98.96234645857982
1,-79,9,17.84506740983748,52.09949591354043,3.6968980445625768,77.64328837916524
1,-38,14,7.958814737204245,8.678865766135761,2.1479625582036315,100.0
6,-80,18,94.03970339455442,113.77179078828506,8.369231121517208,15.797994140448713
11,-86,15,26.066638256210172,36.139281544636994,2.77418005817598,68.3151976443114
1,-64,10,85.33464976087238,125.99869280208111,0.5840056093405677,85.90013171081301
1,-79,7,86.34914504628183,65.942087707867,0.5398474330300179,73.17289168367091
1,-74,8,77.25225917625444,88.67622918160599,12.473542475472923,48.62379609507851
6,-85,3,16.88336066525701,131.5775659093053,8.871748971645372,59.525295025618135
6,-58,15,82.18014592542004,130.22533513339323,5.371279528400673,62.97367485176879
6,-86,16,76.92505592415867,58.870338410318126,13.413420641103704,26.361551894539993
6,-34,4,59.67229901062171,35.28888944365225,1.0529491711157042,100.0
11,-63,6,33.720203516895275,117.39618127064622,14.704831090917388,63.745617596353014
11,-77,1,26.25086042665441,67.79662952230902,9.244376853816915,87.29347870209536
6,-86,4,12.188921208035897,32.8460890660556,2.751963809532727,77.88615754046839
11,-37,11,50.975706690087144,136.1416746359868,10.186036484654528,97.15440687874238
1,-35,12,58.52608755098465,33.725108164957675,11.45071889675344,100.0
1,-32,5,35.93389905157872,8.742039387728507,6.440141750561617,100.0
1,-58,16,47.53590676808685,7.940596196275895,12.92448909368321,77.18027868741157
6,-41,13,36.35144573692667,95.23572668586831,2.2609861094470545,100.0
1,-43,13,64.10060573207012,100.9428838040419,4.182563753664125,96.12975249687545
11,-50,17,90.12592077965633,50.10104723326267,1.4023854237598465,89.84812534517563
6,-72,7,16.39202620469449,51.40159344082419,3.1631676091102823,87.25146573950018
11,-69,8,38.14088099031234,54.2266176836917,3.5809321786671755,84.53457511694425
1,-86,13,14.08686039508613,103.6229892800374,13.764497863825651,29.78112093561225
1,-32,16,62.4943770407832,13.429399698890144,1.1716453312673432,100.0
1,-89,4,72.88705094885958,139.72187114024223,6.411226802815642,43.66703539441975
6,-61,8,93.19127325974559,37.26555140572974,7.985980308403694,79.44126360381938
11,-44,16,27.887192626096493,149.9526147601034,13.480395807032412,64.87786954041351
6,-52,10,95.02112058654302,29.87079059914211,14.965443279918203,71.74715618843551
6,-87,12,6.32626718206748,116.87423631029473,11.300821723797537,46.70270406445451
1,-58,12,60.30138633645882,37.39481901479563,14.561864858535444,69.7771398797139
6,-78,5,5.713271934332997,16.722786238271826,11.806516988038107,76.18128687571075
6,-71,16,89.37741877619449,131.8653320308441,14.448039614571249,25.718960546941197
1,-37,1,52.98090570700541,129.51893258267933,10.609060889166827,100.0
6,-84,9,66.93483507627961,63.5177069051922,1.196451381766066,61.862079636078846
1,-76,12,83.15739259104525,106.84744066836188,6.028802804890148,50.79504776842835
1,-68,5,15.031062248396875,85.77456023916798,9.698959257037055,94.41657302662874
1,-77,20,3.8591561938133845,128.67863648269358,5.260777641813765,51.09336061098917
1,-68,3,87.88811459128522,50.68311555120489,4.100758771706679,82.53327331277748
6,-72,5,31.49332274589325,80.93249799985286,8.660989006996365,76.50632690267987
1,-37,2,12.897890792716527,75.37899382465982,14.002528150536524,100.0
1,-62,14,46.84612370870865,56.31634480724452,0.5247281027423034,96.88274016386868
6,-35,2,59.83060756960188,134.26098436067397,11.538468053121566,92.97183748072312
6,-71,13,3.0970603422510123,29.052299076067644,10.840909170669407,73.8307758597949
11,-62,7,27.489565825708773,26.678752730500943,14.459301380824307,87.39876155394886
6,-67,10,3.2799874276896013,88.65188262179895,13.960668334988153,69.09041253788828
6,-73,13,42.0335389195499,100.3366633478166,11.433488430662893,48.369944112362816
11,-81,16,89.51000290662444,33.21979187706195,7.80613147023898,46.031051323500456
6,-50,14,98.26524114935692,61.6540291269205,3.0640132985027977,91.58927492360284
6,-34,11,63.70475535036275,142.25175723191785,8.178535774883615,98.13215325392967
6,-83,10,16.16376937845918,40.759526290147726,11.480279908794808,56.27846709520903
6,-65,6,90.58493899993057,101.91230180702215,13.435038189568397,58.47786019558596
11,-62,4,51.62478232000605,112.32166208615067,11.845680138158237,72.14394832938545
6,-81,1,15.374931210291809,69.97866142244813,2.9290040278658096,92.82739433779733
6,-74,7,92.17266694516614,140.94126808013954,8.995294713420892,53.941348049128706
11,-89,9,75.7469050723103,111.81522660672462,4.982601892970355,28.99790217653036
1,-85,8,73.17052727231516,71.39906407983018,0.13808501085964486,65.27667591420555
11,-33,5,70.91807037944046,87.55360425753362,3.003314036829991,100.0
1,-86,19,20.03398210964423,105.4289492966396,1.698309749001739,64.28948550673839
11,-63,10,21.100669170752607,90.86757616223665,12.640786853092028,70.87249990781135
11,-50,11,68.8292998427255,132.411149654781,3.8775937822171795,90.40768123579397
6,-86,15,21.972275011039688,56.74885603065817,4.2704695333133325,59.57707947804021
1,-73,6,43.86716968030488,48.483432308091714,14.399048576983263,60.34717267614822
6,-65,15,78.20018255939414,36.00663897681332,5.686300845732783,66.56609158627677
1,-71,5,78.3952518097841,10.478530369366295,0.14378460216591837,100.0
11,-50,19,45.326177252585964,11.237024835108024,4.257692225192048,100.0
11,-42,19,79.21899382752451,131.158003000846,1.7894937090271867,95.7604841118254
1,-64,10,83.86217961980567,103.36700622885655,1.5421284260378094,76.92241398443298
6,-42,12,65.47757512842603,100.77720023829049,1.1623093520362426,100.0
6,-79,4,22.842585230842015,94.12320874555847,8.898892052630659,68.23713044691797
6,-84,18,27.401178038554754,128.1367759806452,2.8402158544478793,47.01334636879373
6,-32,16,31.484115540873535,74.63870422151598,5.418641910615157,100.0
11,-88,8,11.6804107733952,131.20957014095353,12.930265741950251,42.357981256229436
11,-81,4,27.315962036994513,57.11952879642468,6.365072096944135,72.72670300296842
11,-57,12,20.951922431253212,139.37258812916812,13.735370250774563,70.19493528208336
11,-66,2,45.532874980860214,106.30526211177981,7.469070800934094,84.38290143105084
11,-56,4,90.84375478722649,42.29068472354195,5.982549222596337,95.21877036784804
6,-75,5,10.448031675395807,86.79231364485064,11.255833906360523,80.73312692015354
6,-89,3,72.02679239473956,82.28943141579705,1.0976264815200314,63.96604447707754
6,-31,9,68.72830044131277,24.995329150898424,1.3421757447362608,100.0
6,-67,18,9.575419866335766,90.73022133383904,9.77960570884441,75.29494773607928
11,-81,11,92.25724049058,50.643915438958906,7.304110698588724,55.56396651080896
11,-53,3,56.84722021568196,12.590571187392353,11.856228754788154,100.0
11,-69,2,36.372552113568425,142.5551428674519,13.74406256015297,62.70202434358168
1,-65,9,75.65385834953067,98.01610351432173,5.825503165073213,72.38132883316163
6,-48,14,25.736545840163405,132.15324512127282,8.946150398769694,78.65919451407915
6,-36,4,69.35098370463204,103.0281207269217,7.5104494169296485,100.0
11,-52,9,3.971120757224722,56.762635360316374,14.724159834636493,94.51680572544257
6,-64,13,83.9408037609272,79.33977048767765,12.466266110348927,53.99822689169959
6,-62,18,44.81708470213185,102.98328025034067,13.676065624160303,57.73207947980963
11,-44,15,63.66929143579417,144.23658715420845,3.8151013136640626,81.47811232847006
1,-53,10,22.123781980668365,41.78207157264599,11.587896347438916,100.0
1,-71,16,67.7073712658448,131.87167350049708,3.9820983749647336,58.637032848236174
1,-64,12,77.22402758932766,138.99128176766908,3.1311380014258483,66.42985493640616
11,-50,20,47.321318688439874,102.2102496255487,14.163992394833262,61.766500155304236
6,-37,5,61.77269240617943,140.03366097319397,0.2895662507679997,100.0
11,-71,2,45.63259238223986,62.69239518421843,14.480830554951446,77.63058767722328
11,-47,10,89.40913692578455,143.1873455258642,2.2389284548320934,88.7997956234601
6,-72,1,49.78691805143192,106.90351718906636,12.291571226899022,67.75475496488014
1,-71,7,84.18087090288189,11.090836275727725,4.138838296021547,81.40407262900662
1,-56,17,80.13520582702486,136.49656061376265,5.260534911460911,73.18076519176495
11,-44,16,41.050482134835654,75.24855730981292,3.2513656698297746,100.0
1,-89,3,23.008449185747505,71.74741279278577,8.782710637216194,62.472816517117515
11,-61,14,40.6082132559771,87.13765786704697,5.221433212618111,87.45160985201744
11,-38,10,82.62173757752201,26.66075928182805,9.860895592419949,100.0
6,-57,7,22.763253581939235,73.0290770422728,0.23470976913098962,100.0
6,-69,17,52.44363458577494,125.51344642407312,0.9656232527255942,61.27442759997932
6,-88,6,80.60967479607474,7.244956574939724,1.4949172909687296,68.14454062466034
11,-85,4,35.34774751283788,44.57298824703384,6.284905279653466,79.32947451762968
6,-76,17,64.22096370026973,5.355915034357412,12.22194258989964,46.61578806116194
1,-64,9,24.56315740488145,65.27813982672801,13.32266865567574,74.36565716457041
1,-81,4,10.927944536815993,110.60574902159152,3.6721611009135113,79.41625546518763
11,-82,7,79.43842250928563,120.82191522162114,8.61554586358521,38.94024277230007
11,-58,2,9.896862340870683,142.05251536341595,11.525474890389008,86.49790673638245
6,-59,17,27.13813950795846,93.23316888076404,4.33244144879413,82.82879030243572
11,-43,8,85.51094219974401,41.92089566466984,6.135116051044099,100.0
11,-85,15,34.64692870786672,139.00145262482135,7.8596130402857085,44.67058395292438
1,-50,15,97.30453495141612,117.42078431265453,2.0231226961207156,87.22178919716762
1,-32,8,97.97343347738597,88.29213003545595,0.3897344058867047,100.0
6,-55,16,26.82760204535567,105.86783127924572,2.2920871397742486,91.38509311306319
11,-32,19,4.097822224989045,139.0258714760772,9.402804318803001,100.0
11,-31,11,70.50632842053791,108.29713412857365,1.1042739230052252,100.0
1,-89,2,45.098650264834376,58.41430359978643,2.8454454727519245,76.06475243490524
11,-62,17,10.07528439595763,108.38908933191902,5.067808285429556,80.64176593832528
1,-87,16,70.75228189780428,10.84033359663124,1.168050964595495,61.28249021677641
6,-90,15,3.1174909111921223,61.03025646543428,2.8754890674245166,65.1839548392191
1,-72,13,87.01966904922422,63.91683961760899,13.669046834752667,38.78089166412542
11,-65,15,13.865252911330373,29.191543991021028,0.2894869834047714,100.0
6,-66,4,12.7311878746725,8.347394680006676,9.801478862615433,100.0
1,-81,16,17.567229796858452,24.34027931247271,5.766133963727774,66.18809888298891
1,-38,12,96.02663584920666,99.92011689057298,10.089731091485566,85.87309453387849
6,-76,4,69.3169360253846,121.33187837273469,8.830375805451068,56.3976503792114
6,-32,3,80.13715354636368,148.28950644541126,3.352481315319664,100.0
1,-69,17,39.7634985732753,55.222707950731674,12.708142313600828,56.162385423043176
11,-40,18,33.631272750495555,91.90998722785976,7.37910573914035,97.55643190318082
1,-43,18,23.448400678316993,140.88602018819267,12.338040283702076,75.16644928038319
6,-70,17,48.0648028312409,29.22105829403213,6.0901880428232875,64.14707971801474
1,-32,12,55.18287335341685,109.05861001969768,14.770283308728585,87.5018912423257
6,-35,4,63.17748436527554,114.47191630662866,11.557340377519445,100.0
6,-69,12,25.71185039986945,17.901452701054062,14.489253076688602,78.97093720673186
11,-55,20,94.86540809029907,129.88116085154445,7.714897183647882,60.28384618692497
6,-57,15,16.975849820713584,122.90023183107236,7.105366984360507,73.48853877728698
6,-61,16,96.56531747664123,9.843435953727994,11.331807139878867,66.79167751077628
11,-66,5,1.4856122507503788,18.207240157607465,13.204368945201454,88.47296114422194
6,-46,15,48.11256918168456,12.123399614318586,14.46218693798337,84.61763857392047
11,-63,17,33.336783811656275,53.537812110907524,4.8682785904874954,78.48869705961839
11,-90,18,44.91234139302508,78.84690364858929,11.980568607639585,29.51407663845332
6,-42,5,57.0664578980789,82.19042055342118,3.1596839645330506,100.0
6,-46,13,43.558915801270906,43.81168016656918,8.183615201181679,98.9811332659346
1,-87,19,41.4846850301595,137.18154855123976,2.697722226137987,38.35079830245807
11,-84,13,73.27234154133066,58.398104531427414,5.210960426255083,52.52159679862203
1,-42,18,68.58762750864646,11.604772614976113,13.97037550809689,86.6115989120194
6,-82,14,83.32712820358479,48.53293117350103,2.191360496596291,61.98668581367871
1,-55,4,24.995898123949555,82.01086626890255,9.486013427027947,92.05550879707533
11,-72,4,60.952850975406356,64.19216427529364,8.89431409391105,73.04447112605241
1,-90,20,58.51947853928539,44.707165269392576,1.811075290634797,39.70178311404429
11,-81,20,36.973781087268875,24.041871215826024,4.8896856565321825,57.916191337427485
6,-55,19,48.605754190268094,123.77885251395331,8.444722567728986,64.7614120014782
6,-82,13,31.378214330572874,149.44106010800783,2.807679134827354,53.99018186198738
11,-46,12,14.18443976169852,52.7836093609629,12.009354846192231,95.31892452249383
6,-45,7,21.380121066273283,60.335051405607565,14.582347643021247,92.5035677705109
6,-49,12,10.55136464012011,94.61544107815877,3.221390999437081,97.45487304579746
6,-59,4,68.30695751901241,109.17401383665349,2.803679471858639,91.48389882970739
6,-59,2,66.07273931091515,61.84428254652073,6.82402607696167,92.60211510720505
11,-85,2,95.06063715798729,136.2147799623632,11.216479157100482,32.98997707792861
1,-43,5,72.96784136472412,86.20057843819316,4.224009153528771,100.0
1,-53,10,5.204583875613144,70.30656107886,0.298198630459206,100.0
6,-74,10,88.42451739289542,98.76754920818624,8.118309420493409,58.126289840255396
1,-81,9,86.26751629457257,143.15655799613012,14.349008516509615,33.6808389152644
1,-41,13,44.332032077269865,120.21008269114729,5.869152831104183,88.69267158085518
6,-64,7,58.586305052792156,10.80190392759303,6.302018312746506,92.29100881716482
6,-37,5,97.60783324725189,53.18493705729415,14.533525756710569,92.65476716199183
1,-41,10,53.23043638481663,73.2289793179273,10.419114174400924,84.11079593371859
11,-56,10,90.53218283760897,50.605047970320264,10.787578842631877,66.77783314444392
6,-39,6,8.303875781018643,106.5271963204162,8.440530080566015,100.0
11,-32,19,19.105186870868284,124.80902673007425,14.619138162948623,98.46006921043086
1,-70,8,44.07549434413178,111.04503880186438,10.332997266383341,68.17176677441695
6,-66,1,58.47568083373047,148.45332659009992,13.425491274077542,65.18026061746221
11,-63,17,81.62278518628003,44.51940894448922,10.490682985998317,58.72836448160455
6,-44,7,98.82621151431869,131.87347677854112,11.02673737260594,86.57226543266785
1,-76,14,38.885149647411644,116.1602864503005,4.3561638321336975,70.68353796612281
11,-87,17,4.741563614008493,57.51591984593119,4.552180470207285,56.248646781572695
1,-62,9,80.11715032953248,111.44805883026045,11.744769743640438,49.86403130424547
1,-32,17,60.43807190828081,20.09101368064581,4.450594337548494,100.0
6,-82,5,19.854285886820165,119.45335493938009,8.441551062022974,68.94472812414101
11,-64,20,49.48284566214202,82.18793737512988,3.740284663600529,68.785235947122
1,-65,8,74.23102455337244,47.38207504284171,12.25475071213604,68.74164073325215
1,-72,6,77.04117870686437,100.08770875870611,1.65752026841535,66.05825350786372
11,-35,11,49.9618411998762,98.0348998135893,12.441699596424966,93.6549609712003
1,-63,19,30.521453012885914,35.375502294341956,9.040947007614028,71.40401331789528
1,-74,4,97.37425820384935,9.40762514767129,2.8036430224061593,82.87719754889501
11,-48,18,66.33626109564929,67.87527510074271,8.130530782591773,78.38062170122392
11,-34,1,40.82375193462987,87.57922105494107,4.237482552710107,100.0
11,-50,13,28.04632242046524,132.10776536373677,4.852010020957449,88.04539958539566
11,-49,14,73.11029830035622,139.5914353689012,5.272920623953205,84.4794853014055
6,-41,1,24.21834455937677,81.67675663273113,0.9497887045848141,100.0
11,-71,11,17.17099889736882,114.30150514643901,14.789425266021262,58.34395800642718
6,-46,17,52.98338889620703,68.69897448755955,0.47301942196836144,98.30889870449094
6,-51,4,28.998739264414187,113.18191270306949,9.937453097764177,81.92900465590456
6,-52,12,62.890514492361504,34.6962211161792,5.568414716361458,92.92058724233733
1,-42,10,11.793867487423348,58.804386546512056,9.690154364200485,100.0
6,-38,6,65.49411045673216,96.96305982797415,5.343723796313757,100.0
6,-68,1,28.329652799770223,7.632905013026431,10.106259693882881,100.0
1,-44,7,0.024293443451273156,109.75688999914833,10.938532642025413,100.0
1,-59,16,12.693605767417637,126.15264768388418,10.358289605994672,84.06692299049107
1,-39,14,93.3615377835094,62.87554085862296,1.7094297203722841,100.0
11,-44,20,86.73546391153579,69.95165049068882,9.853398519820269,70.1671582210086
1,-58,20,23.360903203623685,128.43592077139698,4.1998132418114595,76.63433999036603
1,-34,6,77.83719045454912,117.46992212227484,0.43202055854000276,100.0
6,-45,5,60.857159317397425,46.78167590983938,6.22246007833431,100.0
1,-86,18,97.09047114498695,51.97653545142315,6.503146542057015,29.847921971710353
11,-48,15,37.36056595340591,103.43734369663652,7.007612000286698,90.29495143507614
1,-43,6,68.14606125171713,86.66372340498337,10.572362480860743,89.072866816246
11,-57,19,6.353572242391858,28.523287808992055,4.632657137136887,100.0
1,-51,1,39.6247346816406,49.93983683822913,4.729207696558839,100.0
1,-80,1,96.38176611881805,135.49757514740483,0.9082838436189089,64.46235178152702
1,-41,13,53.89808744501205,104.7852933247282,10.302318239884439,86.16612738846825
1,-88,3,28.787950333484456,147.96627606440032,8.51739137099376,53.27394302136914
11,-33,10,12.027096312860685,116.21681684721156,5.241376690406821,100.0
11,-58,3,70.35283401815305,141.5862926608206,10.57783468376032,74.32389738806611
6,-80,9,64.48560434297268,36.347343211218934,8.060366238403157,61.69934057744744
11,-75,8,37.39387136037746,116.86530684845424,7.038674188058095,64.17531350417445
1,-73,3,95.09413518658343,7.931540421430627,7.669868154916896,80.57677347143778
6,-61,13,2.2202812987850318,102.26020314817242,9.545221879005847,83.99659267089183
6,-43,6,30.37238516318258,73.045930327435,9.900039068618993,100.0
6,-36,13,92.10694862995814,55.28021042840995,4.334367287110758,100.0
1,-81,20,32.09354383194404,130.04863108249793,2.1111504508672985,47.77514639277189
11,-73,20,25.225283385517038,128.86881543534196,2.349512717857781,63.748517023129786
1,-53,12,53.42204099312473,8.233747210303319,9.590863288545025,93.36798816253736
6,-72,13,82.3801749920538,93.37824275516749,13.09309928650689,38.09626921508436
1,-55,2,10.314676087836105,58.33567252653868,6.142444175183277,100.0
1,-32,16,94.30207096457362,65.27084521756512,2.5428024049419355,100.0
11,-78,6,79.5072881181164,125.64590718672251,11.349037474407819,48.38064924476755
11,-35,19,18.125025555155194,49.92676687151335,12.487342116291728,100.0
6,-45,13,71.20079611981626,141.74207754245492,13.208736646814499,67.44462510778797
1,-88,17,38.495872263755714,31.04690482396041,9.102471433705999,45.57164720328733
1,-81,9,40.22946780763187,101.09475138838577,12.91092839082127,52.83180385581264
11,-53,17,78.32900924388665,102.45523471699589,0.23122437672611518,80.63886334529485
1,-90,2,96.27848079807322,41.56829840704814,1.608537026542853,65.49134589457458
1,-36,19,12.665587284719393,52.08883830024429,1.3886410057814813,100.0
1,-35,19,42.06302368788194,126.04578142409136,10.689070263820994,88.83415475608432
11,-64,7,48.09416080843035,115.46176196846811,1.0437267531536853,85.99691728833616
6,-45,10,37.63118169549976,52.718902645640135,7.445465586994605,100.0
6,-83,10,36.3189123716225,82.4236993055654,7.0906034795443365,63.31462646425491
1,-40,20,5.226866756159653,13.943642956698842,4.6605528533736145,100.0
6,-45,9,68.55386205626233,35.26815294780124,13.056077549131498,85.31213092887583
11,-49,17,43.62144171200454,75.44398103475787,2.55649802819994,89.90776853795047
11,-74,15,19.479380264392677,17.46619161548568,5.2869417659885976,72.78303000860083
6,-82,2,81.60335023020684,127.28319145933094,11.612572500343937,46.85815516232409
6,-85,4,80.25607481516279,109.11090046560894,0.45633471589926367,55.627378365242116
1,-48,19,48.63916280888938,141.82688224403174,10.09425600369553,66.78818823006416
6,-66,17,29.845066114776053,105.55270136478394,12.24596589542356,58.60534299229483
1,-52,5,63.80927257964524,141.3581989780169,13.984017582572509,75.05921214598409
1,-42,7,28.815213577740305,85.40432057518993,13.144449607372273,98.86885440472945
11,-31,18,23.600793032371204,92.03169860398556,4.7907617525052775,100.0
11,-63,7,73.05146540263266,146.66080292080784,8.795462119844288,64.58281562021995
11,-58,17,4.0325239720950705,98.10872629531775,1.1594023972569878,93.73555049042366
11,-37,7,9.476847103459395,9.464052484808256,3.868050053220129,100.0
6,-54,4,0.6788174023589777,109.95140261142588,1.4133356812126108,100.0
11,-82,8,15.294318647542616,136.29296035992527,4.727809352309458,67.92341209916314
6,-73,13,6.899000871045946,120.35913622017736,13.127808201880935,67.26901753301077
11,-35,4,99.58023677799186,89.65582453068627,5.20750259511439,100.0
6,-32,6,28.880996995408957,102.33900939855987,8.428471545021395,100.0
1,-70,5,14.926801266924727,148.5778094414924,6.5007127217241125,70.8195739972135
6,-89,12,24.099625799591795,18.146002833854055,6.8837478644810295,56.637863385614025
6,-33,4,93.61255715401346,101.75050015181974,14.543580777548375,100.0
11,-48,9,52.016022302439566,46.09266571273611,4.4423170239578695,100.0
6,-32,4,36.48180963078569,97.81310750499466,9.40986704284757,100.0
1,-31,19,87.33914579092193,93.10541850317112,6.300940043691706,87.680709386011
1,-53,14,39.499027054903245,27.2512406556835,0.9171927157152931,100.0
11,-33,5,33.50085699576958,34.978263632334674,7.339962474363539,100.0
1,-51,18,20.728252254973555,95.13628881626596,12.200149935676624,75.6284441340676
6,-55,10,37.77968239094115,23.59334235904725,1.4812945302253255,100.0
1,-41,19,31.6684356016926,43.451226893896816,1.0438777109446344,100.0
11,-31,12,67.73039592981411,126.11060442201035,2.304472805899,100.0
6,-48,18,28.958270467072712,52.428268370237596,11.46600167083959,84.69760975342648
11,-54,17,57.71997464225615,75.76872265910113,10.85993076217107,68.58952181730515
6,-76,11,6.589216503197271,141.46534859614684,8.475266533591657,55.90909184096669
1,-63,3,19.128915669651438,37.936617881357215,7.0233960613894855,98.94067159459648
11,-73,17,40.74052716113488,61.49577251691151,13.324887220539331,53.98014734826795
11,-57,1,93.69492539086954,92.93637745381412,11.500467357502238,68.59405267957031
6,-69,15,37.72519857156954,114.52414477807596,12.179133769527079,59.81860458856735
11,-80,9,66.4074121199834,135.73974107334223,12.198934520259813,35.424345640472026
6,-33,15,25.508722242139815,137.74358319815968,9.64075732118337,95.71722428541354
6,-34,3,12.703357597323173,117.61281078403033,6.870219364739188,100.0
6,-78,19,5.853660008005013,38.10797130603002,12.970166288784755,60.20613964526033
6,-87,13,30.541349854275136,8.59735285617204,13.89011126404876,52.98299928792766
1,-69,12,15.766102679690796,60.64721990156545,0.3570906488751452,95.95647029389166
6,-84,20,17.40104480161242,25.524583393234384,0.7733230989937695,72.90872254123337
11,-48,1,76.075930838695,108.00620887855322,14.38114945362656,76.33529916557083
1,-37,17,1.5838070944874216,100.86393508972894,4.157409207662922,100.0
11,-67,13,55.78101257354344,11.37588803511095,13.10054159474128,61.69143016174071
1,-87,1,37.94613805934648,126.30609797398792,5.831926784421039,68.12689087629899
6,-63,10,50.65499999085472,41.06777361222143,1.7865008641403342,93.085692137553
1,-76,15,56.28302372146029,67.67292594620113,1.206648003140014,71.89204195533502
1,-90,7,31.336769445727818,101.85039164108265,2.347618486206847,64.37229663243514
11,-36,18,29.51088601842853,67.26572409357672,3.748397923010471,100.0
11,-88,16,73.34018493349058,68.98673140599179,7.327775308962393,32.126602387922375
6,-77,14,87.12769881211571,14.516059323682354,10.522468508486753,56.06481783551884
1,-53,18,19.25816324585279,63.209314642700555,14.7959786472795,69.63469145415065
1,-41,7,9.761876053514895,115.9029445168976,6.622601149337566,100.0
1,-34,17,89.77958063920259,137.70056889205668,7.772774135146648,79.14176480446531
6,-90,18,34.989546364739866,64.95708487418891,7.827235520748834,37.28481870160972
6,-53,12,55.13173906628141,66.41994489746644,8.091515332319041,86.24023311432175
6,-53,8,35.95431445200035,106.88093041692956,7.766109856566934,87.93272955983916
6,-70,2,12.58023363460513,141.7019401602651,0.1316213259287674,91.53417314553201
6,-43,7,58.933164494772804,43.72383633470723,0.025872331647610602,100.0
11,-62,4,52.514085176962965,68.82090994800083,1.4649947718918437,96.99466562581956
1,-86,18,20.299355919119723,120.41612031508366,1.5233490514376824,47.56275709158879
1,-42,6,45.186904465227784,93.40556755923558,10.573453634321941,97.45026576265396
1,-81,9,79.69475040156459,21.035019874773436,3.0737404877399968,67.68403821125625
1,-63,9,59.04261031078914,96.02124665652853,13.420711571334193,67.61324545315425
1,-70,14,9.691732706699485,32.0782112666124,13.929094943655292,75.439788427584
1,-41,8,54.802149722913505,78.9813104413686,14.63840006843848,88.34587543622047
1,-84,19,70.27382992895869,81.71997381076358,14.086219573305302,31.45266126619125
1,-88,3,79.27034057807514,132.0494875226228,4.07832482877787,45.09481776599807
11,-46,18,62.91175786342668,72.06166973180353,7.646652670552687,89.3872473499068
1,-44,5,15.265816454078374,45.51915122420466,2.6318245529541153,100.0
11,-71,14,71.01732665901606,38.490120491324575,12.093144827586498,49.731244257024244
6,-72,4,67.73418460815164,131.76652211922874,13.32647557716144,48.52474359183295
1,-56,7,2.442688294063322,29.796573890643117,12.769332589462723,99.41893816571667
6,-87,20,41.174766759024315,66.75094132805583,6.500504230452523,43.19251950529854
6,-86,12,33.29502469623733,32.14010166440731,11.380108270301715,54.244352225200245
6,-90,2,66.94120642536434,117.12908581658442,1.4636875436440415,55.04803535714373
11,-87,11,21.61358123109207,73.78403279631975,0.6036715592887604,64.47336021664515
6,-79,14,59.08719229742585,55.91583513073775,11.298546214631413,41.860540759952315
6,-31,16,91.32059618141723,57.359447890837686,6.380329114930255,100.0
6,-64,20,79.78023722086077,128.571059974832,14.933238971093537,31.05202573541855
1,-35,6,92.14577362165303,85.29722337269352,1.4588132378329859,100.0
1,-49,4,97.850596693269,109.09083841403323,12.834415223028506,78.05291308883696
11,-68,15,1.0670127006162766,135.07058485634926,7.199745982934876,80.28601117220038
11,-66,1,62.27412763774775,135.7525430258931,12.407252932558155,64.03050346238705
1,-70,7,41.283939775890644,52.633812878990156,12.256909232552173,68.6025655530568
11,-33,12,85.98544903351217,143.10543315622587,13.73988002043116,82.75637057894758
1,-39,10,25.181470200913168,8.607002892117789,4.467750169291541,100.0
6,-67,5,98.10294891150761,59.64115634734402,14.246990301930046,61.47893112475231
6,-66,12,61.370796954374725,134.89083433878204,2.2750044053643044,67.0809532659652
11,-46,18,79.35374022288309,44.82234757346252,1.229531663902358,100.0
1,-36,10,8.559955282276832,44.596810296591165,6.474232760585237,100.0
1,-45,6,18.345788475886504,48.88023133687386,12.42484452962764,100.0
11,-59,12,75.84036730342032,93.78544080280372,7.101316959501684,69.02599963737461
1,-36,7,2.198652203932361,68.5582524640813,12.43930016295771,100.0
6,-59,18,81.68779858937827,110.37655127123467,10.945302086914579,58.19471181938542
11,-86,2,1.3949018691911452,134.76204317187654,3.141425792084003,68.61036143474631
11,-55,10,65.71188390612733,102.75890936671479,14.233224373491957,63.35203551917951
1,-45,15,36.50939202318059,34.64767442864844,0.9117175294410512,100.0
11,-49,12,61.149485271919914,140.23887584227282,13.474195613156924,67.84996624558056
1,-42,17,69.60314069891137,43.351466635384384,4.56665173485561,97.7076428970193
1,-49,4,34.24752191863042,26.73467282258293,7.5022212474659895,100.0
1,-33,7,10.796244811083556,18.04525543483933,6.335278090511017,100.0
1,-52,9,6.964586774826564,86.69064239659401,2.5775183537537427,100.0
1,-75,19,58.89360225625479,21.495557059694512,5.372202996025397,57.66737070953242
11,-58,7,52.06553537341115,25.122503196331458,2.894016544391929,100.0
6,-42,2,74.22010091211325,48.50441968634701,3.0582971319078576,100.0
6,-70,6,50.97355100039371,45.83968640424725,2.8058525403957053,89.3770207098261
11,-82,18,42.244579003087914,92.61472899816063,7.335260705198914,44.628832423359746
11,-85,6,39.808717823623084,123.42806552353882,11.968970512669733,33.79038970347759
6,-40,13,2.6446902597667465,115.3957001494194,8.534550506418615,100.0
6,-46,19,33.55572016966571,43.06024593388913,13.39809882826263,87.67994386976453
6,-56,2,97.60201575244942,40.57002220796709,9.548167328650862,86.10047515749449
6,-52,12,87.35555762270889,145.03977186551032,10.340101734489068,59.63863296355828
6,-69,15,32.93780670342177,6.194255030834218,10.014108445905046,84.896637807864
1,-50,14,58.77954050663722,132.55947729373128,6.741887897756118,88.0328034347478
11,-37,6,84.7296745535494,33.96063527274872,10.340082333001241,100.0
1,-86,18,44.12743367500687,142.35622684801635,1.0456161970344175,49.01802821737722
6,-49,5,1.795786375015096,54.63455629999036,12.897772078734947,96.1306487139874
6,-68,18,7.451046181864007,68.85100721452159,11.66718215165876,59.937465865894715
6,-74,3,51.039272134870664,107.53248902193523,3.678449373475182,76.10362050017594
1,-79,3,96.94393756758784,90.21201246362274,11.520486813811235,46.71133961660242
1,-68,10,69.32095422188678,51.10120280748931,0.1896390210002774,83.57558287653455
6,-75,19,7.091619143856953,85.30548280083441,3.2586985872132064,55.66374416190246
1,-88,3,18.936087579186278,110.9524982326185,0.977058580063439,76.49910930372658
1,-61,12,77.132314321685,11.138567155861352,11.70340374926842,75.15759948906576
6,-34,16,84.14397599562447,6.623899262077098,11.338112267675807,100.0
1,-69,17,61.76945861885908,71.41970616556924,12.20454035702746,45.19405238252011
11,-82,7,64.44231696298166,24.116309581509558,0.06722539988293252,74.88670773336278
11,-62,13,2.8337450383384644,101.32992226238359,7.51849090017612,69.75517117088326
11,-44,2,82.85302595815085,36.03760615297796,10.572542962760048,100.0
11,-54,4,78.82752081708297,67.76341048537229,2.331016931085232,100.0
6,-68,10,25.903514410334715,33.662285846768995,9.746860912689371,77.32221738405865
6,-78,7,70.8676719965507,84.53011993362306,1.2616514896452857,81.69748512424654
6,-59,17,21.48546064249981,21.82775161076249,2.719887841564698,96.33172223568366
11,-45,20,4.033016105151299,8.350493654184637,7.136952224919016,100.0
11,-39,6,20.113654259037727,12.414087525471093,9.80347729021653,100.0
1,-44,19,17.86288767542995,143.36747401971994,2.1880369043084413,97.78918489544404
1,-43,5,33.77479967348472,25.631501698585694,2.7783499624640684,100.0
11,-68,10,41.84494971754581,107.7293467048411,3.066695505984945,82.11445932798321
11,-46,9,50.853889149770794,14.849299612309807,3.5805120704846773,100.0
11,-74,13,47.675387550832816,20.683251074101413,3.3983077278943687,84.67850711707041
11,-36,19,27.067460596528935,78.78705645435353,5.927236627464551,100.0
1,-51,6,2.9170668574074465,72.40628487237983,9.806844762550844,100.0
11,-70,4,60.51016222371507,142.9791448687811,6.570476747017045,71.1037170166525
1,-89,3,39.57448298473544,142.00114068800693,11.639608631248322,44.438399079770015
11,-54,3,29.86721573875497,118.04325316865744,10.789027589229223,87.62215653587992
11,-85,4,86.69410428305123,92.30476536846571,1.8979037107361352,48.725042254714374
11,-47,5,74.67433077981597,70.96924602198659,0.732624349811159,100.0
1,-73,8,85.77655483724422,56.64588747762105,13.169123459994092,51.358232857508014
1,-61,16,49.4982794712461,142.32769431145553,1.1974659984431013,71.84799102377674
6,-69,3,13.093125212677748,92.42177765657941,2.2250877107956963,100.0
11,-37,12,69.62214361212725,88.9655165144692,0.3319991333717709,100.0
6,-58,8,20.607377993717524,38.62566265649266,9.425045479479806,90.00823988029812
6,-61,13,44.12296690917168,11.771183593341394,8.735558447375228,75.37520239347432
1,-74,4,6.5000788948888495,142.05234406513395,14.803554996528835,55.01520234778419
1,-48,14,82.53084024229824,50.49161253247482,13.30398594475758,86.55063764387299
6,-59,14,12.594064104750057,69.17540838204651,6.1626476622136455,93.96376126174208
11,-49,13,90.30975070493096,21.622791819927492,5.573787613688025,93.67463003327713
1,-40,6,86.42306022615571,126.35402783684734,4.452780514199776,100.0
11,-77,17,46.4582764439246,9.006615764109942,2.2861038005682204,71.32526622352873
11,-33,4,74.43682043039907,125.92866050436899,2.0712548490301357,100.0
6,-81,8,61.94450738181533,25.341326854255186,1.9842556201440815,73.09118417660257
6,-44,17,80.30756423377449,133.55179633151704,1.7117213578016783,89.05149882964692
6,-31,3,43.180510078591205,110.81703241374282,3.607680636083054,100.0
6,-40,17,78.580848424435,28.877188063559238,4.600029454696746,100.0
1,-55,9,46.245681706514794,87.04360896462288,14.423684565583738,78.74611163540192
1,-57,2,94.09657878427939,50.33516558150682,8.677098765028287,94.39916701006567
6,-82,13,48.637210082514756,30.8437993421796,14.813936617699214,40.76420546920475
1,-49,20,46.261927193372955,129.5814189146107,5.587004217385099,82.31397749253205
6,-63,2,78.50718615635127,63.510801143548264,6.864399488841616,84.95489718472327
11,-80,20,82.15776917608379,62.78883858298046,4.868679887479187,42.85504626323787
11,-77,11,55.44891143211708,29.633567846959902,2.74331476344829,83.48134579112744
11,-52,15,17.97978134950754,60.54452303243791,2.1474706166636874,100.0
6,-36,11,46.77582309575795,131.38444271768327,14.176187967117478,89.5622405407001
11,-44,3,96.80725029096784,57.65366302099721,14.802160226981336,90.4358438127394
1,-37,3,75.29861930391851,142.98251656246927,0.6736424476309733,100.0
11,-72,12,81.11626038791321,142.2147903852162,2.2551881209764977,55.224417637818945
11,-37,5,3.282549881924013,26.01030559956517,6.352861384515339,100.0
11,-76,20,46.78594626341599,30.710131760783508,2.79500214516611,58.432329952994955
1,-63,7,64.66211336575553,130.08774019812392,5.45820590440325,82.59932576319838
6,-67,7,83.00326836280748,61.950333244084284,1.9364452478945005,89.25907045485468
1,-83,13,4.927365358277147,5.634227431036354,6.847676350826854,82.63211579213998
6,-48,9,85.24388856418732,44.71141385727879,4.075419242538889,92.79034180174447
6,-82,13,54.84009367419117,91.65620401335619,5.278575836379912,47.740236867240405
11,-44,12,19.731397057605992,120.89356506419536,1.4146897719412137,100.0
6,-58,13,31.72552164497,24.341349478522634,6.421920760652125,85.08837987252332
1,-58,10,28.192955175156076,21.028497840426624,14.748864164423548,75.66746369609781
1,-72,1,53.08590342884758,138.70343476798809,4.932495703217855,73.71647858759673
6,-88,8,5.168567991113182,113.91651333427448,13.146439122636526,46.687471699918824
11,-81,16,15.853615849992353,90.51804211282138,12.647987124355277,51.92404084011202
11,-51,13,81.26930433757823,116.53208454940956,14.280876274458159,60.01477910962592
1,-44,3,13.260399074681107,67.18388238946258,11.851642684006418,100.0
11,-49,3,23.339626945812697,114.97608335982335,9.893952405882224,100.0
6,-90,5,45.33706056041573,58.91143373480769,12.848766663411864,48.979468889323186
6,-62,11,51.71208881133305,40.393713011427344,1.1346702098602446,98.0497795365835
1,-41,7,76.36104796141586,110.70694608748045,6.942459857982117,97.82884534080303
6,-57,10,44.73324266661878,65.8524823628039,14.838843579225882,64.0856992508822
1,-40,10,78.98646210355388,147.29968012729825,11.544002269420984,75.48234797064316
6,-78,20,61.834630704545745,55.675351434674646,14.431130670558346,38.82913369388299
1,-37,2,11.309973942382246,138.65047597700456,11.694515342002186,100.0
11,-90,3,15.633143839283859,140.27956954222654,13.123229511632163,42.69070899004545
6,-57,8,43.70337254497708,40.06867732438819,10.597944484547865,95.05880903787164
6,-62,11,39.68893930890396,120.74207133026194,11.407530066258596,60.60081117887278
1,-43,13,74.35442696372945,67.79580324596193,7.847670147592511,91.3199418084233
1,-44,7,58.07371397973519,138.04108544840048,13.863565512211993,82.43706968925233
6,-78,13,38.81330810022493,70.26801953210962,12.375583659350426,47.698415209953325
1,-43,2,17.076028345038562,112.92403901391809,12.658274484984483,100.0
6,-42,6,22.683710232549515,72.71027432875069,10.095136514445786,100.0
11,-38,9,57.550101846905896,38.031109578364145,4.568699206308735,100.0
1,-62,20,42.34388048997925,33.90576869697951,0.5344469308520899,87.76666012064935
6,-52,2,51.492750886067206,66.6875231671701,14.034826941143168,85.012270963557
11,-67,18,17.067743530223368,114.54672526706116,8.791805232082453,62.39552048870369
11,-65,16,66.29062523445658,92.73536535121119,4.472144567222104,73.44342887501053
6,-74,12,85.2538740855967,104.85124703557878,2.237026617713067,58.27967520145761
1,-84,7,25.79395067869006,45.937320856131656,12.44284748251132,52.61780358703017
6,-78,7,49.15142258318266,74.8081251638528,12.547802916713684,54.66038068017415
11,-86,17,97.55273290209018,11.437313420552414,12.217619521957973,24.601125177085983
6,-65,13,33.32417405507277,123.5422003139275,9.676240379501793,67.25769069329644
1,-42,11,59.50463449237612,148.5343635247818,5.490230813878139,92.22328148281814
11,-88,6,9.019570020024437,63.99746408057728,4.5610542717038545,80.97219559782246
6,-84,14,60.601500247944315,6.589729704073786,0.12832155177255278,75.61947035724444
1,-33,6,8.963177330461791,29.619932734887367,12.504113380323606,100.0
11,-42,6,95.92354353238221,99.61639727381073,1.3114904624046368,100.0
1,-52,2,71.56626520723114,93.75150113955958,9.461324970611514,89.75687654022103
11,-38,20,78.81597881357064,119.24038433990387,7.5611242026013255,79.85748366624496
6,-90,15,70.41043607716368,41.81318158935488,7.9003403838952675,36.01756199276375
1,-42,17,58.97290360764658,115.72662775433444,13.9006926796166,76.02867437495354
11,-74,8,44.99127810855054,104.75768312093211,0.47422516906863166,86.45501905013317
1,-48,5,85.83733797610624,51.808102168507276,11.600883369431585,94.4609244777899
1,-66,17,95.6835667543063,84.09578146825949,0.7807859755096069,69.81285214659208
6,-32,20,49.90361729040813,26.354702232257374,0.572304089030658,100.0
1,-88,1,93.1535049155262,70.62185299815948,6.447265472120729,56.88009448882662
11,-76,18,58.33329099885175,132.77361423556795,0.9461276151445008,47.71194908861153
11,-62,15,53.83841868964332,66.07275007468166,11.83715926939368,72.56002187468204
11,-38,5,45.44827329553567,126.73717243893618,7.943446404725058,100.0
11,-48,7,20.928776153011984,90.58673796265569,0.43558173989661664,100.0
6,-59,18,0.37196608180591895,32.82212339984173,0.6075102972287927,100.0
1,-65,6,24.150622685606127,89.26040548119498,9.19002794609219,86.25528587881172
6,-31,5,50.97231716035652,78.3675827277742,12.091677264876074,100.0
1,-75,19,37.99599522597526,62.802993603475684,6.566992969121603,56.43683587097654
1,-66,10,44.84852280026338,22.346413729830196,8.318710073034365,76.34835881645289
1,-37,15,98.06482195640496,65.42275625784833,11.997441810748523,84.30400340447335
6,-63,10,35.027237066932756,15.550544554745931,9.157592610627287,90.7526065196781
1,-82,16,45.21829393601079,19.32151245281893,3.371403564882292,68.28349825850385
6,-35,12,13.351555135281956,65.30789727524382,9.195780388042179,100.0
11,-35,18,4.795773243698765,49.28031488542724,9.424191885978203,100.0
11,-90,1,77.54095145924947,139.2039272500224,11.0116047132169,41.180973818781865
1,-62,16,57.06831750719786,59.47734178013923,9.313112813352019,68.11433621730518
6,-34,6,76.0704806043895,114.88942770045452,14.538631956870569,90.54708670826969
11,-69,3,14.986279888655163,81.8858913231052,2.9593246307560275,97.84863015762976
6,-75,2,57.18287711826909,107.09242195313864,14.266360193506143,47.37785187807474
6,-50,2,25.364247434137553,42.71681753723288,8.075092355250245,100.0
1,-40,13,22.806181690001992,141.5762210615577,10.079342107423681,96.84551980279183
11,-47,9,1.1526014052985256,81.86283205259147,1.491923961782848,100.0
1,-40,16,13.034072356907188,125.5419903363612,5.708639120671605,100.0
1,-37,5,30.926811149969534,57.93162555403646,11.540687196947589,100.0
11,-50,7,11.687876059093904,19.530645612326058,10.603665226484855,100.0
11,-84,13,98.58584404109375,102.68818891952307,0.6020908224811528,50.409829888364655
6,-77,20,30.863264852395066,6.125149008926551,8.19891395245867,72.28186857208195
11,-62,13,13.032394670232817,73.9174816019987,1.3241728945261415,97.8297607586779
6,-72,7,19.908231282795775,32.95627588663659,14.937846437672434,66.08287202664057
6,-72,10,58.77032283414765,95.96944814312751,13.45944882799942,54.832748180771524
6,-89,15,6.404352386478851,147.01588160498858,0.31620990642805435,63.742746629618175
11,-50,6,86.24341301411569,72.33842141649366,12.879743683539463,79.21615261578499
1,-46,5,96.14996792371473,123.53724719622167,13.791444008376114,79.35444061591792
6,-76,2,24.674742066738087,78.62870710791255,5.303223338451827,91.37420201636954
1,-88,15,45.00952685908594,76.8968045100835,10.792524825716487,40.61337567713378
1,-80,16,2.213445102949707,139.91140651092277,6.631556193116684,53.824607973758674
11,-38,19,64.07102247272215,134.0450509682688,9.828487268645162,74.6261434082231
1,-45,9,41.39260580525889,118.94106745225629,5.104761064472872,100.0
1,-61,19,27.005846610155572,47.957084230933695,4.838388549499025,84.97120088321117
11,-34,7,20.683711061660848,84.02622027997138,6.366508332863686,100.0
6,-51,4,65.40230776587605,37.465098829324326,2.1835163797875174,100.0
1,-73,3,41.62170310323145,69.36792121674827,12.46708446653074,68.25567727591556
11,-40,20,17.9659289029912,75.21089453516964,5.2304684304245495,100.0
1,-43,11,68.91090814868241,125.58780582455299,6.002243308587677,96.1300408106852
1,-89,1,56.507228303669365,134.924112972124,13.41081919053217,40.410987879272135
6,-59,6,85.86720549294962,65.11990904748929,7.4493572109475705,77.88556227505244
1,-83,11,11.74758988764929,7.567144535619395,8.163808640262944,70.59338339363295
11,-69,1,78.56666019444562,129.95720676945643,14.347471871656477,60.60891407471952
1,-85,7,67.3516786817259,30.2704083826973,13.300895747174838,40.60463853409189
6,-79,6,11.501093682809781,95.17288476410707,2.5420006333265928,71.49890248607251
6,-44,14,69.48207298717207,8.620780562949022,7.098225448771576,100.0
11,-34,2,44.15472888798304,62.92843891278182,14.569443411428182,100.0
6,-51,4,94.49847855558431,147.96424380672573,5.585494473429041,86.84340485583752
1,-55,11,14.161135061789931,19.60057216005145,5.573596627743001,100.0
6,-76,15,64.2833390815738,66.43550703994813,2.9254534768373155,66.10057253727238
11,-63,18,38.1980045462946,49.53674277754306,1.7148467117868782,86.36653746106296
6,-39,1,95.68146705908778,136.23777789129832,11.104571861339727,85.21318493961184
6,-34,3,32.997489529027646,131.0543156465665,11.550457030522747,100.0
6,-42,3,96.21859094918001,39.46632024440318,14.535194452545,94.84843193904817
11,-46,7,90.1485851100749,16.77222912231252,11.601273163580444,92.06405319657718
6,-73,1,27.038323531065632,95.93506713886204,3.6502874105039806,88.55963549547025
6,-89,11,80.35417768264277,53.77346322313792,0.6017486743277317,45.26582922005128
1,-78,6,99.56042018035059,102.45223663787914,14.781560765544903,38.545620926297495
11,-46,20,25.266300217128233,9.657364629833099,5.106760433154086,100.0
6,-37,3,43.67771693233197,24.342889100735967,4.679573136486312,100.0
11,-76,19,52.018073656675966,104.52397375203329,13.589328146240737,38.830655267802896
6,-71,2,29.49311358038643,35.793745018862175,8.776498478174792,82.58536780074525
6,-62,18,1.526483964602976,129.35021298554824,3.2230676077370184,77.3858494637049
6,-32,12,22.012924419752665,13.495678717969637,13.336443640743592,100.0
1,-49,10,28.193688434175847,36.244887503908316,14.900412825821151,90.52004421536972
1,-62,5,44.35997013181871,149.79123603033494,1.3001784172624609,90.27831535425626
1,-88,9,17.110247841340186,67.79603487508493,12.933774424537308,50.735551578384374
11,-72,2,87.32543566916726,106.9300212139733,5.857735465265909,67.27879970455477
11,-88,2,70.4911132731336,31.486142084266984,7.861086697600566,56.94534829810095
1,-37,6,8.520047755966198,93.43096657290297,13.722239636474711,100.0
11,-77,10,65.00924511399315,110.28537991356568,14.600687936626759,50.66170682015618
6,-51,18,65.36564764056205,50.59911220064403,3.932458656131991,88.72023730690906
6,-32,12,95.62211736436277,125.19008123650228,3.192761564398707,98.74653350953221
6,-36,4,0.30208713561612477,92.49554887848107,1.2077483788726777,100.0
1,-87,17,24.79324498058072,61.422836394179384,8.42696778993207,38.60054218422144
11,-32,15,92.77914793753155,85.85814703475799,0.20406593176002408,100.0
1,-31,6,93.21339153982831,88.63032287820901,6.1784744641490486,100.0
11,-39,16,72.05864193706374,29.002617440610575,1.1007602497801283,100.0
6,-80,17,76.576332104754,63.396193630710094,6.07838674394001,44.28959327671612
1,-33,3,9.148295792964712,54.797435262826504,0.598982838984139,100.0
11,-60,10,51.38758347782336,63.13089477397328,12.528258909131534,73.69022441692837
11,-48,5,23.15829912889994,115.3610353303624,3.146084909078488,100.0
6,-59,14,18.121804361361725,74.96806908266754,4.92463065536868,87.46841861891217
1,-64,13,81.03032991233326,141.34584221969334,13.050719949095878,42.28653450780156
1,-61,6,13.503813668054743,47.58307993697325,11.193990919983076,91.74435791295562
1,-48,12,46.86516369963852,65.2770188513147,3.2855754246308773,100.0
6,-89,8,93.8578239586033,119.108737519461,1.0784912798624409,44.970103817384214
1,-42,5,18.583205556534253,84.17356603150878,10.735106652830092,100.0
6,-82,15,97.79934237382346,84.31908123154493,5.86053826032164,41.21029061894238
6,-63,16,99.4287985761059,12.73432363575161,11.491199986773319,61.507905321567854
6,-60,1,55.561715468240294,62.796951094176094,6.679421585628156,100.0
11,-31,16,17.014274017715792,44.25639120115121,5.190036194584146,100.0
1,-57,5,31.610488794089562,149.90359281051173,6.768081123185948,85.80976110199337
1,-35,3,42.44928326765351,49.71148524168499,11.22838478506015,100.0
6,-76,20,30.932422435822293,133.2519975451102,13.533304298105612,30.72590366012033
6,-43,15,28.063557987651578,103.05389158086923,0.746507948828633,95.85739241877022
1,-66,13,97.22297092163575,54.43287933285311,7.861673118404327,60.09113741711503
6,-55,16,15.336482741574564,83.81248486424793,0.492531436258164,100.0
1,-83,11,73.33279087168623,126.8777025926331,7.026143175365381,27.397294955296665
11,-82,2,0.041028943917487126,133.0884032144822,13.279242436453506,66.73767560838102
6,-33,6,59.61826694023769,28.257111875891056,5.423853996304645,100.0
1,-33,6,91.59430039540524,54.2381054751846,13.986756316209648,100.0
6,-54,14,28.793409409321903,53.607361130967895,9.459127074759142,86.91238160178575
1,-43,11,18.55259752577192,11.09649543101198,14.012330156895095,99.13095889409483
1,-46,8,65.1679794878427,91.744475178525,11.357499381187795,82.67879441570791
6,-52,8,71.26014072983932,128.94890768386728,1.5515274997314343,88.66415948335947
11,-59,1,68.80305189519814,60.32828623470008,3.4672705134401562,100.0
1,-33,7,31.931688002137403,112.30521202270567,5.912556818752593,100.0
1,-39,6,25.22024021593309,96.01655997210729,2.5516032301811404,100.0
1,-74,8,95.59187999620443,59.46906664648512,7.4236740716499074,54.86127729772516
11,-56,19,92.32995082699294,25.453670926383076,7.070522335522359,77.23916809088023
11,-54,20,45.731660989282034,107.85195865251526,14.34388797041072,64.22252137659869
6,-72,8,84.61938661543734,128.91194949647985,6.505918243439666,62.02024392832275
11,-47,14,45.2323477634296,104.44890139821632,11.784402064319966,82.51796041654106
6,-62,18,42.43890180725104,7.5923801850486194,14.128658172772198,68.0432513842391
6,-32,16,15.676294759929466,36.35376968669373,13.154832464609783,100.0
11,-84,9,42.64060564919728,15.074597808112127,3.130014367673877,73.28953454758081
6,-63,15,53.7416938599807,87.70598443855287,7.440448413803164,65.00848102488338
11,-82,10,2.2504327428686466,114.6892634318598,5.216096734438886,57.274248285702534
6,-63,16,44.41130051754064,21.033982124955617,5.997880427058233,87.43153379358185
11,-85,4,78.13562183952003,126.55898398604086,5.412102393686268,47.178892422879954
11,-62,20,68.00460563742699,85.54880186734506,12.395388152625062,54.9554615424679
6,-33,13,63.5156988863935,105.04550676055011,6.7820858268367115,100.0
1,-74,5,90.95554284372025,145.8532680482537,7.855414983670323,54.155883997658336
6,-75,7,1.803200982523001,17.133743295916112,14.73671035570612,78.07013790738553
11,-68,9,55.70475861922341,135.67748333177943,0.8996890828727466,73.7462402693132
1,-60,8,78.73488484097071,23.284890918174348,7.319364596861232,95.47406671476203
6,-88,16,54.13353827012672,61.979026962318926,11.610925604191742,32.56353733450224
6,-70,6,32.389555258037916,128.45861096801158,2.267429372823398,84.6086192202355
6,-65,16,13.625056509197787,136.4068643269909,9.172973919221608,60.54137671737551
1,-55,6,88.75630718161914,78.42389266404608,3.5919716930170016,87.2075696150695
11,-49,14,47.076239238760294,91.14517254993665,13.011061698368513,79.12352095512951
6,-54,1,87.81151969857014,107.68136351679078,4.906494981001189,94.86949306553039
6,-38,9,58.58521224331683,125.75000692564356,4.935942253513643,100.0
6,-69,13,67.41921166150007,22.619119582961595,8.972908177768403,60.314379197766925
6,-49,19,80.426115437845,122.460049693238,2.7534436217986307,70.36796100631804
6,-79,17,65.91555446001344,74.78504182418443,4.273329583545916,57.43736452973268
11,-49,11,39.80548406789377,70.3403966406845,6.249477751791172,96.63234491009116
11,-78,8,51.363338392865096,66.46546403956475,5.304567947101655,67.28566717326655
6,-80,5,80.30455246758798,78.83567986067618,7.873158270083736,64.10389465762941
1,-37,10,37.36502963729842,142.0323302422175,8.994602161034495,94.3539359248417
11,-75,7,38.81214567684971,84.48954705486199,8.500011806252468,64.48853378146806
1,-83,10,9.569011605800116,143.2107430481552,9.812524679878983,46.05725213876526
11,-51,4,91.45844352217478,31.142068939267887,4.616242749117304,100.0
6,-32,9,9.103631494544173,109.99971693073181,1.8963934073254207,100.0
11,-34,14,64.82091774485559,122.77473309826834,11.412113121466156,92.51215048312439
6,-51,2,41.31944788027977,103.47368054355498,12.761705739460231,96.34259809024756
11,-46,9,40.561939025544234,93.00373063284836,3.855093483336484,100.0
6,-32,1,67.95518365726839,86.89785325749642,6.106379342370296,100.0
6,-89,10,6.709373262987873,129.83491997391093,7.478538254453329,51.42882345105305
6,-61,10,59.37057829514346,124.1387565888525,7.999902641294046,74.60228797754688
6,-61,20,77.20317859723548,22.731864571186932,9.892352566314777,61.77709583852877
1,-79,3,82.82127578865942,128.0452102694773,0.6240485003298202,66.19963957511587
6,-81,6,17.05303893937753,65.03994981886416,10.822156241010255,74.45164660828607
1,-47,6,89.74190500781737,41.786040349392565,0.929565104691154,100.0
1,-80,2,65.61460918474422,131.11644236201926,7.024328515093018,66.13710162467693
6,-76,18,88.18548008206828,67.64359594689253,12.415067033537913,34.05359737909844
1,-75,2,48.52807171101983,122.21288007563842,6.768229699175944,66.75775798043192
11,-74,12,54.2033345097202,43.19352373359745,2.2363462315237164,73.78073068509045
6,-65,5,91.90382770286712,5.5697516062215815,14.775507675089395,69.65239119549425
1,-89,20,89.99095433546718,76.84158297092694,13.33928193111395,7.364959028049637
6,-41,7,44.8160873369002,19.53309721321822,11.56970449837521,100.0
6,-79,16,27.441263163568173,114.3845135511119,6.172674043488156,58.843744248399986
6,-40,20,39.31704345642642,45.0308947300645,2.7576859033394667,100.0
1,-65,1,38.77643285297497,69.32861875750442,14.121167721277518,80.85522726953216
11,-68,1,28.686687498279394,17.619866938275365,7.985266897757085,100.0
11,-73,17,26.857960433296657,46.565591024851635,12.785331905812276,52.68924179972068
1,-59,1,86.10629364797194,118.31608527249294,5.131425086391387,93.41716095589399
6,-42,20,6.986192068466169,26.980247225836322,5.029324756192059,100.0
1,-53,13,67.76111820995942,98.83813636340882,14.783107210110586,64.87591189068151
1,-34,9,17.28200514564523,138.02674865665267,7.827495727422747,100.0
1,-44,15,34.45058933940632,103.57633016486945,2.110431357911194,100.0
6,-88,3,6.154303413483686,122.59814494737289,3.295120169920611,64.89689899832203
1,-53,14,26.997363685546205,20.80088624906779,7.2291641908908115,100.0
6,-88,11,76.84210711172422,41.3561147702979,0.6370636573261701,62.929482043544915
1,-61,12,88.50153245472586,134.7081335748857,6.938009780674507,57.2145346457806
11,-90,13,22.152715190236705,108.69031397462294,6.284112631201914,49.62748487987037
1,-61,13,46.354783925892185,97.73530482471013,11.690043979792305,67.5454587667397
1,-46,1,47.03240479372064,101.24617673764651,5.324129467338627,100.0
11,-59,10,87.35753057597341,65.0590803741733,14.73823142309399,56.85564788083586
6,-63,3,76.27990528758055,11.460711584559718,2.711548789513547,100.0
6,-70,4,51.30772183680499,118.74402360025572,8.864800274522024,71.1789463774266
1,-33,16,67.07472004717734,103.4134192512263,1.3454894551238195,100.0
11,-45,8,84.73550539093668,73.55664729634508,11.00795975990973,83.4743275821314
6,-78,16,0.9538954025544943,135.46514422839732,14.921305320929573,37.42217488266553
1,-64,17,40.28900310500486,53.74315142283933,12.287079566274484,60.76971972838538
11,-55,19,90.72431672770787,47.67665291352921,8.335553110804518,62.766501496288356
6,-84,15,74.03130308439513,131.5554671365192,7.271120360995381,23.20779287451607
6,-69,16,54.284137433407466,120.5632099400529,12.525449419002705,50.19365174463872
11,-81,15,52.964452703513345,79.67207254400999,14.039611270660865,39.88202176425565
11,-52,2,34.777009760443775,23.956537221388245,14.838097886971395,94.26979394370372
11,-38,11,52.052053364151455,36.18536336243261,5.948088413467262,100.0
11,-76,1,65.53831994634533,100.15305860927697,14.863762121917684,49.65374596461292
1,-76,15,41.83630384287931,60.83097948685969,2.3388937826074723,68.7306534349036
11,-87,19,71.4153146392174,126.28861279156582,3.8032466389786377,28.972553244135213
6,-59,4,86.12322272603859,142.7434763531696,1.335241871008443,83.44801804490866
6,-68,11,15.468484818486116,121.81735416486315,4.076077747267225,89.62285559649598
1,-36,5,45.154702281742445,59.744086334355785,11.519063274270167,100.0
6,-85,3,40.80200912850811,119.3595322385565,12.793865372676745,43.76651801140138
6,-67,13,68.74648040497281,55.9590426532491,11.683389676538576,55.339837000207034
11,-71,10,24.986746525792935,29.229512726016914,9.465986672515443,83.45579789662712
6,-33,11,64.02509149522763,9.842014705549323,7.709497687839684,100.0
1,-54,18,87.74892417314881,60.92892335034791,10.630564338204698,60.049187195573595
11,-71,2,41.81315997936227,136.01609903610589,5.862503239008327,84.45340287228456
11,-79,7,91.101569997922,39.653055224573095,12.619625272495528,49.957329611830716
1,-58,9,99.31637389334784,34.94440891481868,10.157851409651782,75.47315239531723
11,-63,10,10.609204994795206,145.62401385995085,10.467070477416128,82.63068801819482
11,-83,18,23.305318798485864,8.625596363335857,8.03903989693607,59.433490816748524
1,-90,7,95.03797514820931,118.93841180709438,13.278434763167589,17.801944108750437
11,-54,7,95.83276864813868,51.5986435824262,3.780221005185787,92.03118400584808
1,-69,3,9.77072753867585,10.435753746100604,5.717214800415761,99.58036390743159
1,-85,12,1.499850037713668,138.08136833038964,11.664638545165337,49.863240350760954
6,-70,7,16.110002325642224,25.248137880389624,7.391233441940066,93.77562044033445
6,-59,17,99.60127833822483,85.00799614022583,13.338210201362863,52.99413134153863
11,-56,1,17.999961661068685,44.73786007728443,5.195989796442785,100.0
11,-76,5,50.254760672202316,14.4529563167802,5.539952532294671,81.41740741520537
1,-86,16,84.8417726430511,12.23876042118997,13.33103684079938,26.367904834415512
11,-31,15,2.040161068820634,21.755721331269125,6.965554802730615,100.0
1,-35,2,60.44889822584595,15.348217013960108,7.741868763037301,100.0
1,-45,9,27.702544886962432,115.28092675038883,4.991455730035191,100.0
11,-41,7,86.23349164397315,75.40709933109723,4.150049132686229,100.0
1,-43,4,28.346114926407918,54.71935324560206,9.839230662575881,100.0
6,-85,20,68.67557202819089,65.66349196914103,1.797609923118058,46.136338800883706
11,-66,18,67.42196324473969,139.69727665803038,13.189089617743639,37.14251037350642
6,-35,4,22.149354885964,137.05901284703134,11.688047051476618,100.0
11,-45,13,3.4799199868350117,108.77308961777365,2.861223955587042,100.0
1,-32,1,40.92495737853973,133.27894472614472,10.41029918736848,100.0
11,-35,3,28.91931519658697,51.34896400020559,9.039493819284523,100.0
6,-51,16,80.89777496137086,60.26085227120101,2.7680257610496617,92.9395490034178
1,-62,4,80.03641884553453,93.98826636886307,4.098052590753487,87.5284213755726
11,-84,16,45.70239521926255,95.4257623581033,6.134797556007515,41.98978925211377
11,-51,19,60.65122253232189,74.84647651178943,10.488641028682109,65.25788034185656
11,-78,1,60.42595159869252,63.095388023503226,9.58085113225509,71.63998929119283
6,-53,5,82.71581484276234,147.99614518326078,7.983522715150469,78.76197384619272
6,-73,19,42.50024141231975,124.06292578707003,11.526158146710513,38.98422134714689
11,-89,11,27.544667979050907,68.07212869376656,11.369066094092489,53.977198227956265
1,-83,13,26.503491814054748,110.45740919973743,9.267887310933839,42.43574057375137
1,-80,20,53.61922792822041,44.08644552160663,11.804851250772378,47.24770879379648
6,-58,5,44.91482027322126,19.524552304412833,5.013950621688138,100.0
1,-37,4,44.01207709849362,56.10249870514739,13.218742924839084,100.0
6,-53,4,9.113733908970723,63.43105601789216,9.22365128702911,100.0
11,-43,4,71.86037406901956,7.397883061297266,12.335452707186459,100.0
6,-64,4,21.37366879819107,123.14484023720493,8.19418657185426,83.17120845713809
6,-71,20,19.695363020872136,57.08304334643132,3.2765736748302055,65.38666268696488
11,-79,18,41.27583202773935,89.16063403812132,8.136151930174629,45.41207036801686
1,-48,18,22.77783416178014,15.724662154288614,5.566674956648821,99.9276303536555
6,-60,16,58.38582673080154,30.374540168834677,10.462485540556418,74.38146321630138
6,-64,9,37.14633393344715,134.0055901724962,7.136906876021037,77.90576331905976
11,-59,18,44.89117225927901,93.25969154300611,12.541692073915316,54.62351701715816
1,-81,2,53.716932160402884,142.79118727472041,10.17108768482875,49.08089322345546
6,-88,4,20.353552248180485,149.81875498674094,10.26816649546986,52.085678024538716
11,-46,12,15.57516228655298,58.919716723298684,3.2573300023659746,100.0
6,-64,7,88.04219028736048,48.32644429207482,14.763746497369356,56.502202110469966
11,-56,15,43.372370283142104,129.46162799806905,12.62512813907233,56.89395129237818
1,-60,7,41.209360963253914,149.79865692043086,11.835073268410419,70.81790774909166
1,-76,17,3.561215027284148,96.29797896370631,4.9532283774004116,67.6043312414095
1,-75,16,49.797630258739325,120.29540476417074,8.034474792708478,44.01710198337739
1,-78,19,55.416972161100006,118.3531495282148,2.0565478211149295,50.205115868904095
6,-42,9,55.88408709546665,56.52425769183431,8.07713964994059,100.0
6,-56,14,70.70311693228844,88.26920513727765,2.188338697249309,79.63686181724654
1,-39,17,17.748183499101177,125.79325648331097,8.295567659844018,86.04411728798776
1,-80,5,25.22231342306188,104.77651205785304,9.730828202323584,65.29166630951126
1,-32,2,81.07304652304127,8.068753027395548,5.852939508748535,100.0
6,-70,20,94.7170616843394,53.822321990142356,7.478173174969399,43.740914496379496
1,-40,16,13.593274736732063,25.948976006217777,13.134800815118789,100.0
1,-37,14,49.76495545052182,38.78097075131567,1.6284471705421404,100.0
1,-80,14,21.417625273958684,136.29597423624222,11.875993394994794,30.40782065668395
11,-61,1,6.007316835498244,10.349526892061382,2.5613182649429462,100.0
1,-31,3,32.550333812613545,36.871103234478944,0.5506197420694259,100.0
11,-43,7,14.368762518421274,49.88755607454356,2.783619041175717,100.0
11,-38,15,70.99330734342463,94.44819043512724,11.475647849557346,88.41366709124581
1,-56,19,53.37254136714444,82.4447450624505,6.0768911000529,80.30084209189792
11,-69,20,14.383447099031088,36.64907501374098,13.08780775269273,60.01650559379424
1,-53,2,0.9241588405514367,28.814954747357397,7.8706131177339875,100.0
6,-60,19,80.81570490242127,39.33571501643723,0.33375527889496437,84.31851618332519
6,-77,9,17.619440616424754,77.86679587174005,10.750704144028902,67.20891966083879
6,-67,19,60.621664222076596,44.3207789281245,1.6534936308184904,72.37941999053817
6,-41,5,33.692191307674555,142.40236273311973,11.840694501928866,98.69550337108699
11,-42,18,58.54859383150356,72.2604571071829,2.5215382470777,97.13889866035738
1,-59,16,31.565362698232402,13.525422398972374,5.181695787082702,92.98052591426311
1,-55,4,8.693956069225417,110.74362884631184,11.419071444380405,88.53436930648971
1,-59,12,22.29500085577536,52.6825667903035,14.313470362146324,73.14380408685321
6,-36,7,18.80585664790756,99.75589514844589,5.571509259700985,100.0
6,-76,14,42.80193524396439,45.54118372586864,12.441003302984036,48.66780486701014
1,-48,12,65.82837834261574,87.75784255133138,2.8618839821375808,94.53037471364532
6,-33,3,26.380607494635754,116.96211319708237,12.107696553037366,100.0
1,-56,5,1.206993530061795,139.56126755731032,9.862410888843765,94.35055142952237
1,-88,17,51.89373642647569,42.86343594279617,2.8911526081855268,56.461031794855145
1,-75,10,60.57594893589721,53.55425789485227,4.537559405271174,68.42883341436497
1,-86,10,96.28704940018096,72.31863094146125,1.9765633289555402,57.60283943716762
1,-70,11,58.94708030932468,139.44035147171837,5.7445051659647,65.05122226310915
1,-81,17,47.117255937814186,135.70109423754528,3.054729616849161,49.576531805936035
1,-72,5,57.34016258977038,18.032350614592517,9.659969304457103,78.50841379793742
6,-66,13,92.7900629862027,24.129824734302574,14.91757656330838,54.2434616260299
1,-87,10,82.83781456016463,76.84883071294254,0.1801374462639621,61.93820261382144
1,-62,9,32.2978733363808,20.459794556786406,8.113797199309479,98.84686638256423
6,-72,17,23.725436365713726,55.109226635561136,8.604998963235145,71.36699262868532
6,-48,1,26.263361236607363,26.51587984153426,13.713131845212178,100.0
6,-89,4,50.4421039715213,97.22585149412345,7.590080021504063,55.600272064986086
1,-81,4,74.40494512285778,142.67683760217844,8.155521294673761,55.20392802272152
11,-48,18,50.32192071829621,149.52639669268532,7.074792019925829,71.12239610208952
11,-66,9,6.779639582811258,59.40996421205265,4.033564568422221,95.03438206705333
6,-71,18,72.3580700439981,91.85683238161879,0.8404369987337051,62.33126694935764
11,-43,14,80.59701286709539,129.1588097609918,6.129865233147542,88.11518854267935
6,-72,15,28.949786511971965,22.03200055547568,0.788872068610178,91.55586990505842
1,-68,6,66.41257392833504,104.98683960253493,8.257387041988768,67.3797359375688
11,-67,10,42.659190105439336,64.2823309501349,4.609404648634397,75.5309962619526
1,-80,15,88.91193557274428,34.89119324062379,8.004036022881417,47.26118479643738
11,-45,4,84.52255581607399,63.39927471837909,2.0144544659278,100.0
1,-57,18,52.54319983096423,16.014241609912943,13.989449486090395,61.6334838053901
11,-36,18,69.15055458135944,105.83403654544934,13.417818653249023,71.48226076267613
1,-63,17,88.33497010221039,41.6476869685257,2.8499476380342674,74.50111419232783
1,-86,12,49.57170100782755,50.15381853150731,5.151664249410148,63.38586027416076
11,-32,7,31.325074048882197,22.556788245012097,9.202391577779693,100.0
1,-86,16,75.36661379095813,130.37557151403428,1.435293109588594,40.58832787920797
1,-40,11,22.00662547846918,76.5494204959971,5.318517316742263,100.0
1,-70,14,38.8531148006042,87.96129727902805,3.7666843022850918,64.83688355800679
11,-79,3,86.57272371067937,87.56773904875392,13.73275093075045,49.057038461517536
11,-41,19,72.4422340269315,64.52150160849456,12.787659544338078,76.87794824172269
1,-87,18,40.381100524749925,32.91683773853022,8.697491119002956,47.0025042641874
1,-37,10,21.47445024083574,113.04424853226799,7.8051950530736125,100.0
11,-42,6,35.59683908322365,23.423158476862778,13.960886918180957,100.0
11,-49,13,28.4104149227433,20.061699590427523,13.98641674468223,92.3178523628136
1,-71,10,17.608928794385392,107.971030451493,14.539951880274906,66.3681660898022
1,-53,18,74.33329135656567,35.281367965537655,1.8806832616228149,94.06765596548964
1,-66,20,25.20698868501715,49.48204894616069,2.4083671614475533,77.72074731302605
6,-77,16,45.416747016776384,73.90798271525233,10.151050480198299,42.15265469821504
11,-80,6,38.585944683610904,70.1559409257842,8.121517149147673,58.17675197344538
6,-59,13,98.20773786356308,107.74397313442489,0.27698857339853944,83.01298967640082
11,-80,4,39.10922441482205,95.39761004928734,0.9296255398427905,75.27838986853668
11,-73,14,7.9982482796754795,98.43744353087052,13.321205733882078,54.36484286771172
11,-64,1,8.982575257208403,108.53787794504132,13.033061933090794,91.71360625814799
11,-36,20,59.07537213530648,47.42884547640247,5.359063829940677,94.12919520743671
11,-37,5,59.93635517382656,51.73833021106868,13.36575925395802,100.0
11,-73,8,41.875899048265495,68.50967344485534,8.905126115968526,68.57611971980576
11,-35,12,43.184369231202965,49.58201508986128,12.088584705283528,99.84651944195933
6,-68,2,5.393258284087121,147.8159910007752,6.4114660674032145,85.81960000831096
1,-80,12,51.654651038926225,123.0375293311073,1.7009749101736311,55.6157741132477
1,-70,5,50.47394753803517,28.874929797124288,6.505905939690243,88.74256076107065
6,-47,5,14.954931855694454,5.811152602871079,6.859496969953469,100.0
6,-86,13,10.383938611092757,11.20357389585384,8.264162907609045,54.93694239303544
6,-68,9,12.35724905994905,40.389200401224166,1.58374069356642,99.48201361565134
6,-50,10,10.102824649125852,21.5722364463442,14.87102794574417,90.71367721784588
11,-32,1,60.97081955367598,82.33402665942296,3.6620523121035955,100.0
1,-66,3,19.648265240291863,129.409307295467,2.9782860530563937,88.0843138280776
11,-50,18,25.143015218746346,111.82878203241798,7.902043782839049,79.69577730891218
1,-37,12,17.35721441514397,36.26331414691761,8.05812269092333,100.0
1,-81,3,95.7835304448503,62.89839212373895,6.597311067498664,58.6624428100579
6,-69,9,85.46174631518355,78.64466038203525,11.578382194878817,56.63325138914641
11,-72,2,23.049483735152087,122.47984817798365,7.74981601092904,82.36745564624513
6,-90,3,32.7566293922126,126.67263245039389,9.145431827174763,44.229415631381706
11,-84,14,20.989284230499717,136.90915522662752,10.856195781116783,38.381926393023846
1,-87,4,49.187595946082375,78.8405613229169,0.3753765234579992,56.078744780585225
6,-90,19,1.9610532474253595,105.66983823320012,8.559662738175671,39.27660198522492
6,-76,13,67.13680088967958,21.21105382892089,13.262917068425539,49.304236914516686
1,-51,7,52.31581498176416,86.96689919332741,0.26083114388150863,100.0
1,-79,12,89.86389283011033,41.060312373314595,6.077731557014417,55.99811393392902
1,-69,3,16.439268432841413,67.59894832885861,13.893411753087449,84.5270050222113
6,-69,9,80.41092460611317,96.93732370447431,5.297316034238067,64.08194948632972
11,-41,2,79.19610144667158,42.26296098879826,6.8809323630036126,100.0
6,-44,9,12.718118921688692,12.566833380530356,14.72312089566469,100.0
11,-74,12,39.85592241441276,6.48390917926984,2.989857884258607,77.60568391775732
6,-62,12,17.01526411445169,8.213132653955624,0.9788278368750891,100.0
6,-45,15,25.47205004575489,6.210711939496601,12.891338862919564,100.0
1,-77,2,26.324617483054435,21.001483200891943,13.026980118185527,77.12555906179297
11,-41,18,55.623639402577275,39.72586361266883,7.081167520200198,88.37554074732414
6,-71,13,41.14109317604655,37.07711955643338,7.713107617159293,63.041985301807756
6,-41,14,94.77328040063054,148.08550615608502,12.53709554426754,67.63009135112841
1,-43,5,12.637014194700512,49.37088525529677,11.078392471736928,100.0
1,-58,10,97.36921348501988,23.47601358711287,3.97723503325516,79.49371723103704
11,-36,12,23.063864021426394,84.1065689043249,0.25340032607277685,100.0
6,-32,10,77.2873936381853,129.40383103263872,7.195502438003186,100.0
11,-48,11,33.89699261728214,103.3187546342129,12.883684891434621,93.59986380747148
6,-76,2,14.308139541731391,47.9319029246403,13.437520150352432,77.8142531744656
11,-79,5,85.788918524624,86.43434316976096,14.343392956142308,45.13484595385762
1,-51,7,30.88608992364632,108.65411625905932,13.193448564191717,75.22754081370539
6,-37,6,65.88554042268422,110.57515139332264,8.700653329471475,100.0
11,-71,3,56.64436850866266,101.64807601816489,6.669083988541513,72.67607742754596
1,-61,13,47.17563093908743,131.26751159246461,11.622747698011485,55.90311433821027
1,-53,3,49.58194726485391,131.16529145989512,11.097324515483947,84.35903976163625
11,-88,6,73.22379140922875,88.94580111401548,8.072151451221815,53.16624614907402
6,-63,11,8.777291412344058,67.32917352112578,1.3099105883770368,100.0
6,-35,17,66.81806619579052,98.02769285693947,13.891220201803781,81.93593251628312
1,-65,10,89.58121013985787,123.64074019871715,6.834038062524932,65.38093117319636
6,-61,12,5.778819701986415,5.819555201971785,5.450006728743965,100.0
6,-78,17,14.065333923366675,148.8395663071534,9.443510927531575,38.98173235293126
6,-78,4,71.66319367020314,31.519596987733888,10.107569417504653,72.92484155322128
1,-89,2,43.72816482446176,73.18610292069654,3.1603187554545213,66.8587684430891
11,-54,11,40.354862081368836,131.44431155221568,12.554082672149342,79.46412626938616
6,-42,7,13.696663454423586,37.630857861408906,4.349056404935668,100.0
1,-53,2,50.67700407177881,74.13530746555557,2.8002588887147506,100.0
1,-89,18,12.654531119637724,24.22441612627098,6.095997792817461,64.35558299678677
11,-55,4,47.66204563105404,62.286067181287926,10.958401213461979,100.0
6,-37,8,76.36152989616566,30.684640944985365,14.481872676597051,98.06695921619513
6,-65,20,25.826435788716353,57.72602357181776,12.139218965571498,56.56207899382309
11,-80,14,48.07861681797273,59.15231143494469,14.105225665052876,32.575698563877
11,-83,12,99.20159693968357,149.00976449175823,2.1090870611479016,50.25337324617086
1,-47,18,68.66504233540373,149.24788924904698,1.0676519829551516,80.71284201828946
1,-51,11,84.13567713051987,21.6440104057888,8.365571428600068,94.96352058481028
11,-48,8,41.484760656054576,110.26547300261035,4.354462245660516,99.07378755672636
6,-69,2,76.78609231258552,12.503094552019666,12.420824594539093,83.97769175453267
1,-71,15,4.050917294132184,9.377842223892351,10.079818071034891,74.22037024173625
1,-83,9,12.291118254224498,20.273414665519823,14.560922459786916,53.70576764895536
6,-62,19,20.307059292006212,144.99542026615043,3.8218853359695633,69.587619310368
1,-51,20,40.195192461521955,141.42521444473113,7.286761715328486,68.3050177824447
6,-65,8,84.57448783257632,33.119533940698666,7.518607161380299,79.83273255529659
6,-61,19,34.62660507879305,28.44248865528817,3.587651922860643,85.94469695032461
6,-74,5,65.46211935154629,39.877587544812314,8.851400992320116,74.78854201851095
11,-71,11,70.93142948034834,79.75431414089562,6.649289791188593,61.85030856097491
11,-39,15,58.61823540883414,87.60717164513443,6.700823339848104,94.17718186623104
11,-36,8,35.72419681701362,37.13104741371986,5.441049719587254,100.0
6,-75,19,57.70533417135443,114.71030427304206,0.2539402863830259,67.58393423359416
6,-45,8,34.22655927897462,49.88520956338436,7.831428553721834,100.0
11,-48,19,8.387373855201208,138.7090422017645,5.028717535504967,79.02055408765987
1,-84,18,99.28039781860144,100.22479243622594,0.019798034764945127,37.705540543115454
6,-75,10,12.718245363251091,68.2709231740237,4.61915561492898,80.8258191156051
1,-46,7,7.2348383836057355,119.53724024691257,4.179424996346355,100.0
1,-32,9,87.85307492071558,123.59762077676639,5.901722298354537,100.0
6,-44,1,30.183466089289514,47.11983281329683,1.9777798446509542,100.0
6,-35,19,65.02969740735077,54.25860885623223,7.615257369526266,100.0
1,-43,5,32.90057296622329,140.7134972906475,10.38660528777195,98.63881976529578
1,-64,19,39.14542707944712,28.887450562674427,9.452783535818586,75.90660762947458
11,-38,1,26.21129720167965,11.11181045962546,12.05632421353786,100.0
11,-68,15,34.30440057930102,70.83802177838463,6.780124319806217,59.14713247255012
6,-67,16,41.070040058654314,121.17543553532619,7.786375955095924,52.54126529300384
11,-82,7,72.04160690923429,116.89187541505814,12.156029112884749,22.992091353684668
11,-56,12,51.15361942347918,138.33194119236072,6.415517562288578,86.99121547696349
11,-40,8,94.3565217156977,82.31409633351083,10.523990248493954,92.08843921849314
11,-71,5,4.188039383877551,19.50937737714733,6.5190355307698775,93.6652923936786
1,-54,10,50.306832263202814,90.35990127872233,6.266042917673439,91.80034105694466
6,-49,5,58.42247888317181,117.86736408121568,11.403084367937405,87.5547771120507
11,-74,17,92.01969860742739,18.53257743912483,2.6225537319931673,65.77474824635804
1,-44,5,4.915852362142759,30.035323159150515,5.078789579123604,100.0
1,-60,15,57.349958493521605,6.7821458675722806,3.3625841512035266,89.97041442895163
1,-36,13,85.3629928527957,91.0796240197875,5.386649144513957,95.12481336430012
11,-34,1,24.192772811923657,133.57648683215615,3.4556223354903604,100.0
11,-83,11,87.62923485239375,102.24618082030443,8.69108446629982,41.28525912067859
6,-76,1,1.9043409274291823,147.3958127006924,11.972562039267679,69.27309782511021
11,-60,11,73.24546291337298,14.139879612465426,11.799195918268527,86.35703143665376
11,-38,18,93.3113221168653,135.93515734696695,5.467514468231887,78.5577563179666
1,-61,18,65.71976616400622,123.0399016710687,14.831406088413926,38.751971173333956
6,-45,16,43.902924398044796,50.565020472428216,8.907815470587012,95.71434202598356
11,-71,13,4.488101647271803,146.1613500164015,5.991004526674422,64.89707374780549
11,-31,7,92.01138133226287,46.75097348485518,12.533089188621382,100.0
1,-52,1,47.02962226915748,133.94918495509168,10.948110189639612,86.18895503097045
1,-38,16,2.899674433594801,132.70854367575748,11.239130052361567,93.28932832085513
11,-36,1,68.9821071328762,114.860354407431,2.942090246008074,100.0
6,-79,17,48.18372535762582,86.70321870286352,7.024864610528327,46.57091985036897
6,-42,6,12.434531744241074,22.400398694448768,12.927421962369042,100.0
1,-74,2,21.42718093102596,82.13590150199225,7.560570114431359,89.25507325661447
1,-49,17,6.449068045584627,56.73545706996551,10.251791151315755,87.81862237404403
11,-61,6,57.429353970857356,119.871469807526,8.819005995513969,72.35921289439351
1,-62,14,62.202947925200924,114.92873494204251,12.635351815775731,57.4220547483869
11,-72,18,50.574229835544436,137.03881356902775,4.26841259642404,57.55585243227811
6,-45,6,81.71021330026149,7.1503735525976415,8.632129168295473,100.0
6,-80,10,86.10088213080135,122.31996643934168,1.8485200201470597,49.69363530000187
11,-57,18,61.56243966831266,141.07699770307698,10.353161650492018,58.32156049140685
1,-41,9,1.2756479707430546,119.44856512068176,10.97951757529068,100.0
6,-84,8,69.52296557477356,23.87819668120317,0.6425598178349762,69.92413130090301
1,-47,10,41.799921692035156,16.785470201928725,10.136864454419776,100.0
6,-33,17,56.5557483226387,8.022559772116617,6.220352312486796,100.0
11,-57,6,64.90806020188845,96.1680577450703,1.8614531416452351,97.61589298458175
11,-32,14,35.02366143270768,96.30253451968366,6.2986132154770145,100.0
11,-71,6,91.70985051717942,148.10248856164077,2.9134939454337254,57.47640431389907
6,-41,7,13.39748667497812,62.71626024509388,6.233392981849748,100.0
1,-53,12,67.15118072810374,53.12641131013703,5.7650854193779155,92.91447675109245
1,-67,3,0.43595799565804283,95.54161444173691,11.075874554040862,76.5765661673911
1,-81,14,92.46511054051808,124.71325751360112,11.613233372495381,26.13737254902626
6,-59,19,11.25041332380915,140.83222268083526,9.1054298157682,62.68683646455291
6,-39,16,9.488423014757464,121.4530040959606,0.34030263273671313,100.0
6,-76,7,33.30076330522442,66.86772718929168,13.96533418606491,52.78698253926654
6,-54,8,37.35662860390806,97.0625641202493,10.293499201446716,84.93207498494442
6,-71,18,21.430007232287863,129.16340237383696,0.5129317488178325,71.85224709315914
1,-88,13,58.51216609271247,76.13840480520223,12.282493488211767,32.5579122503274
6,-54,9,44.291409804196356,36.41956333728194,3.003992320769942,100.0
6,-34,10,3.4175589041087417,29.609898763441578,8.688317843566601,100.0
1,-51,9,31.965206225530064,5.022872963818226,6.999515549252807,100.0
6,-83,15,81.04329135731705,109.14450927228621,6.297581735326149,39.298060593116865
1,-51,20,68.97015348618686,21.109095282668623,13.345705801865963,76.49827679732556
1,-47,2,72.48708535798805,40.35666945591136,6.56041937343922,100.0
11,-35,13,69.81169240835236,48.192068070805036,1.1301617635972612,100.0
11,-68,2,31.097302138303327,86.25507971983141,14.199580908224288,67.86725963644508
11,-51,19,9.966392207677588,62.70380520788654,13.808028468594413,75.9690083234653
11,-80,2,27.2467184033096,102.82772884335846,10.266490343723982,74.17899704953375
6,-45,3,83.17853001851593,13.067605602661892,7.018387921980374,100.0
11,-83,6,98.04707977830711,22.97118316834372,1.392892094152819,65.55876849134759
1,-62,3,49.38470147415613,77.38566801232368,11.861221778662143,67.33200944127724
6,-61,10,0.970035492304222,53.85989423779032,1.1321687163604344,100.0
11,-35,6,14.004481213422903,47.89293759894716,1.0290147734271848,100.0
1,-31,16,32.20805753162658,14.719071460440794,8.060757636590521,100.0
6,-81,17,57.85853485929498,134.8792803384602,2.401923602769603,48.442323038025016
6,-52,19,7.509364580531397,105.31369498813235,0.11595401010523476,100.0
11,-63,3,94.33572987098816,22.63463273884916,6.346701464936793,93.17896742704963
6,-42,18,36.50836732844007,14.43166387188539,2.058258474150989,100.0
1,-55,7,91.25842179248231,146.35651734753023,2.4077312292103685,72.91260098171597
6,-78,9,78.05218027570217,103.77001981372821,1.1536595810300199,61.8081341334887
1,-59,20,75.54372725155811,65.53113030859251,3.076406305854149,83.85203494685923
6,-55,12,60.671957978223205,106.7510009095888,10.732262696615841,73.2259186497866
11,-54,5,62.678381705184464,114.66810903962306,12.13390960826687,80.40146684344602
1,-65,3,63.80032352162481,118.094519346373,6.788004660439509,80.05716159562812
6,-69,11,62.87213870255821,74.29220931969336,7.598307238221265,68.71841756249385
6,-87,4,55.37282313983612,67.33299992810296,0.48982551891303905,60.761632282569835
6,-60,5,98.6414018482889,6.59907221899055,1.039743920569753,99.57267927938435
1,-73,1,73.22905674256961,139.35078169556652,3.8635158847427538,71.77362263156367
1,-53,18,77.69463883925212,92.47964236639675,8.158476310697212,74.19491831010012
1,-67,12,87.24628150836742,34.457320892545376,11.093267231024894,60.67166150008803
11,-35,13,21.563976272584917,138.3424958161083,9.075045920070496,93.97498278628683
11,-68,9,8.380415909506079,137.665125756693,5.881917824801824,80.54173729037464
1,-69,2,48.28944365985986,148.4317038330839,1.774861095047073,80.2940380787646
6,-89,5,51.40806956192732,131.73820165515193,11.711598523307842,31.5801271092226
11,-60,13,82.91817799499177,149.67873623390938,5.4567907739858565,58.23426828461103
1,-36,16,44.37835792823357,40.47949727787452,11.040810217241845,100.0
6,-80,16,57.08530255443127,127.12618985388895,7.694682628715127,45.56418682467893
11,-63,3,52.70709385134583,124.33910477538585,11.079930803427379,76.32714893988884
6,-45,4,3.8202783757391057,38.486352087006395,13.609343421788578,100.0
6,-59,11,61.5214896596914,19.273444605143663,13.81544274080703,77.16295177688154
6,-86,14,82.80432857742522,147.01597448325194,8.026601700009051,25.49995416744014
6,-53,3,15.750054807580383,47.923559970488505,7.672625471484581,100.0
11,-81,16,59.433173392659576,131.27930961783187,3.9851769825425585,32.18557890872811
11,-51,15,59.36105444464144,5.598437427817565,14.03699747293937,81.10141758531243
11,-45,10,16.418496405635874,8.04859704684232,6.8687875079943135,100.0
1,-67,9,12.346357373073602,72.55133976097342,1.913868589310657,100.0
11,-56,11,98.00519429764847,39.61362917058422,6.490573719398249,80.13973308511946
6,-47,16,39.371916965303754,105.02698609821482,1.9057987535700593,98.34611577814087
11,-43,10,22.742172872352928,87.00682720735338,7.537975263856126,100.0
6,-31,17,17.132454445437496,16.235440630321257,8.419132722843182,100.0
1,-68,19,66.7601713583235,28.581102965778975,5.06633642240378,69.92675947211377
6,-74,2,60.94452973272788,61.26714415847007,1.0747592134722699,92.40901692780551
6,-90,2,64.35521229874175,31.912589273537808,14.152553034498586,43.754088204442596
6,-36,6,8.800602751145226,119.87224035036965,11.600296702251445,100.0
1,-60,19,89.35345834984369,65.33018415522561,12.583216207576815,51.31367264633114
11,-60,8,38.92663968090483,18.547620692162393,5.503025914293441,97.00765309612231
11,-49,3,31.336940643035792,75.2297208294581,11.412465450291759,100.0
1,-34,14,46.23614472477392,18.171536253905053,7.280593427537914,100.0
6,-36,16,39.00660657476283,23.69590928587349,3.0162523260906893,100.0
11,-49,1,86.35770031391459,39.74342564408977,1.8663506536081993,100.0
1,-38,3,92.92609751978921,129.63151726088603,5.175763039830853,100.0
11,-35,18,30.34532164496062,139.06881718828092,2.0632816721270952,100.0
1,-57,9,86.39358074599548,124.80737075315002,14.97403464306103,65.75856259276334
6,-82,6,78.15231295330672,53.44119652558785,0.7378348534803308,59.8903044818673
11,-69,1,93.08076723447618,44.50473396078059,6.617153990536148,76.44323454225103
1,-78,10,24.575031218588784,84.62757516458468,6.781402835855762,64.99343439021663
11,-66,6,57.695915012097906,109.66870827730129,4.509478928725133,84.19851331295703
11,-43,12,27.454458474044465,149.03905428322534,8.57027348560418,96.4182620839379
11,-73,4,82.40944904843742,24.0777532224443,2.2496553622731703,81.35663048506453
11,-40,13,0.5324190571064258,12.147339858451643,11.758685708808505,100.0
1,-79,17,56.48191628863961,105.6816039043143,4.986715773714574,45.73727495815526
6,-51,8,33.9203431271918,125.6727386080663,8.870138846979627,95.7869238612787
1,-74,20,32.268370707782026,127.72057308063137,10.73458854100439,35.34243078834072
1,-76,3,64.4906323864917,103.3772146161883,13.335631765352417,53.38293818491319
1,-49,12,85.1484449313994,143.33229159728214,12.536811546783001,60.888585357109015
6,-76,7,60.91953913933262,79.0956907139651,9.124635421553394,66.23664262279385
11,-76,12,85.31729786467224,137.5031457587508,5.825897705758304,42.57950217567185
11,-36,2,26.459711188102997,145.33275986377083,7.548070051124459,100.0
11,-52,14,51.95018547649811,127.83783126545062,11.531021900682038,71.90879212800904
6,-78,5,45.0536539067076,49.91499167249999,13.163183138392096,64.54926391079451
11,-74,9,1.1644899503096218,33.451269419692814,1.556728922650078,100.0
6,-59,11,55.68121431407401,84.47740942236368,5.772843937395803,83.61802101755866
11,-82,5,66.1524324146175,70.68713880512733,11.641748976202509,49.58407854677235
11,-51,3,59.191440441907005,132.27495961794628,6.474776438909415,92.96284934221873
1,-71,17,73.62798987834215,19.504592304737287,4.983416460994258,66.12884233875342
6,-65,2,57.13395284530771,42.372308890170196,6.169840452349044,95.26894693082137
1,-64,1,6.675025485075691,114.01084695521274,9.042671201795262,92.10841594261645
1,-70,7,11.644552408471142,18.77306352171026,14.997077162007022,77.87476515043936
1,-73,14,59.64745775439524,51.51084003314653,7.394886436567977,54.385467380432736
6,-78,5,27.49791919736402,61.137532137827556,3.127417124313908,87.93683255363044
6,-75,19,7.964512903476583,95.27610050159005,2.442698629186421,69.23762088496665
11,-82,11,42.960274344854675,27.929233629307866,0.6352462121462144,81.90940601280316
1,-79,2,55.43225980836554,129.78765110070788,8.382258523774823,60.11007287228823
11,-47,8,32.87459883496066,69.89362414260977,8.168581372332513,95.8681560325944
1,-53,9,72.04337022257779,137.9681482226807,3.0785089017046374,84.2446864610108
6,-72,3,64.37706081012446,72.84113747692008,10.429941096788506,68.22003236676177
6,-31,2,33.281836109167195,44.88083754640634,11.116605624445212,100.0
6,-84,7,75.48725289085606,25.565180159712856,3.886473080731669,55.86909586929875
1,-34,5,64.86950425330355,5.543038733136298,5.161496460446048,100.0
6,-56,5,63.74453787179021,82.16283532280116,14.85707508520885,77.89366614218113
1,-43,20,55.342770078706806,20.537721054403896,5.613967017761013,94.9482758602331
11,-73,13,1.1389668088552796,61.800525726520846,11.412025076341527,68.89426933520924
1,-75,20,69.65071834768891,90.44440537937757,6.790881399449099,40.30371426152372
11,-36,6,37.604179110915645,44.97445505089154,11.90017241791464,100.0
1,-52,20,94.26097101586556,30.407522393086712,11.535348581739719,62.36083247293458
11,-87,18,81.79847710772053,117.33463527835454,10.016340377978034,14.964044713025555
6,-32,2,58.76944695313122,142.28471998083498,12.82167519443369,100.0
11,-66,6,25.218198181926944,19.56386058998507,14.088277423165277,78.70955713551308
6,-59,9,20.371739327766658,27.56059703582614,8.69974980678126,92.55892596388225
6,-51,3,34.03848376775491,144.2018353016442,3.562033608341186,100.0
11,-78,1,47.656794358001854,10.478712162775711,5.979434424661125,92.25882579588112
1,-46,1,29.606551003894708,146.75668879981848,11.374585702699399,89.82812072035875
1,-74,19,51.49294953924828,5.673450047323372,9.763252276858042,53.62539910511068
1,-42,5,16.537042551318592,131.68195506944306,2.666975078478731,100.0
1,-54,13,97.77128128254999,49.56215124322368,0.7685931171963706,91.90444609464367
1,-85,19,10.792455496499386,141.09538443570798,10.244423903130974,25.69626632557254
6,-72,12,93.1944139654372,50.95706685215989,3.76618536044018,70.91829322404796
1,-78,16,91.35780114026949,99.87441662243812,7.495053655935802,41.715402005603444
6,-34,19,52.5360481819498,16.604722616060812,11.201201587688914,100.0
6,-31,3,72.49102718360844,40.13782266079215,8.440001709844998,100.0
6,-65,12,43.60482979725878,117.18350523949135,1.2495387466769459,83.2836392342623
11,-77,5,63.00345775424382,81.65944878342886,2.783703551753331,76.77571553667728
11,-60,2,34.05759374211187,139.5555139591215,3.289922760463787,100.0
6,-37,7,30.115901978544535,67.16895420949638,3.8679638046726734,100.0
11,-87,13,57.82297861695137,131.12279304301885,8.481050879257564,28.806197336236533
1,-31,15,49.81296741839804,70.09853843434443,7.559486697380902,100.0
1,-52,3,57.95363691499811,146.99100041178787,3.0474005754631337,95.1468002337631
6,-83,20,28.6660581287023,144.17598530283712,1.0133226518353062,50.10121512347965
1,-66,5,36.695783181699525,52.72482230563165,2.571483067120771,100.0
6,-78,8,8.38979606289093,133.45893221043647,14.765719689279049,43.83493521187378
6,-59,1,5.227637227220572,127.90364926126914,7.028204246872084,100.0
1,-32,8,25.345712967301626,35.54865761249661,13.010182570531686,100.0
11,-53,18,7.424685933054576,95.5221081135741,12.73128700003265,73.57148734466416
1,-53,20,10.37747086347407,15.538935760523154,7.672793361943105,95.70275490812061
1,-35,16,81.29284053939371,126.32305448460194,10.600315626908152,85.55718932365033
6,-63,18,3.88736970166893,30.309153108007,2.8912801561906845,93.94625897484659
6,-38,20,65.89427939347428,15.268131700935854,10.325950573903624,94.1073066322251
